seed,method,model,batch_size,datasets,client_num,hidden,dropout,local_updates,lr,weight_decay,test_acc,val_loss,group
0,fedgsl,gnn_fedgsl_gcn,1,citeseer,3,64,0,1,0.01,0,0.786796455,280.8657383,0
1,fedgsl,gnn_fedgsl_gcn,1,citeseer,3,64,0,1,0.01,0,0.769364007,229.6902096,0
2,fedgsl,gnn_fedgsl_gcn,1,citeseer,3,64,0,1,0.01,0,0.773058871,281.34898,0
3,fedgsl,gnn_fedgsl_gcn,1,citeseer,3,64,0,1,0.01,0,0.759865595,225.1161668,0
4,fedgsl,gnn_fedgsl_gcn,1,citeseer,3,64,0,1,0.01,0,0.777244202,325.9519728,0
,,,,,,,,,,,0.773265826,0 平均值,0
0,fedgsl,gnn_fedgsl_gcn,1,citeseer,3,64,0,1,0.01,0,0.78275347,227.6923608,1
1,fedgsl,gnn_fedgsl_gcn,1,citeseer,3,64,0,1,0.01,0,0.769322336,286.0421945,1
2,fedgsl,gnn_fedgsl_gcn,1,citeseer,3,64,0,1,0.01,0,0.765068414,340.3883066,1
3,fedgsl,gnn_fedgsl_gcn,1,citeseer,3,64,0,1,0.01,0,0.743828258,233.9932973,1
4,fedgsl,gnn_fedgsl_gcn,1,citeseer,3,64,0,1,0.01,0,0.787968458,289.6414969,1
,,,,,,,,,,,0.769788187,1 平均值,1
0,fedgsl,gnn_fedgsl_gcn,1,citeseer,3,64,0,1,0.01,0,0.792305723,196.3208278,2
1,fedgsl,gnn_fedgsl_gcn,1,citeseer,3,64,0,1,0.01,0,0.777271122,198.7869718,2
2,fedgsl,gnn_fedgsl_gcn,1,citeseer,3,64,0,1,0.01,0,0.760311854,283.5857757,2
3,fedgsl,gnn_fedgsl_gcn,1,citeseer,3,64,0,1,0.01,0,0.786754783,286.0799479,2
4,fedgsl,gnn_fedgsl_gcn,1,citeseer,3,64,0,1,0.01,0,0.766728302,196.4625156,2
,,,,,,,,,,,0.776674357,2 平均值,2
0,fedgsl,gnn_fedgsl_gcn,1,citeseer,3,64,0,1,0.01,0,0.736965551,181.6391633,3
1,fedgsl,gnn_fedgsl_gcn,1,citeseer,3,64,0,1,0.01,0,0.773225556,213.2368628,3
2,fedgsl,gnn_fedgsl_gcn,1,citeseer,3,64,0,1,0.01,0,0.766448773,296.6770424,3
3,fedgsl,gnn_fedgsl_gcn,1,citeseer,3,64,0,1,0.01,0,0.768474116,199.9808614,3
4,fedgsl,gnn_fedgsl_gcn,1,citeseer,3,64,0,1,0.01,0,0.776030528,294.3370071,3
,,,,,,,,,,,0.764228905,3 平均值,3
0,fedgsl,gnn_fedgsl_gcn,1,citeseer,3,64,0,1,0.01,0,0.759559145,264.4654648,4
1,fedgsl,gnn_fedgsl_gcn,1,citeseer,3,64,0,1,0.01,0,0.778666233,289.523664,4
2,fedgsl,gnn_fedgsl_gcn,1,citeseer,3,64,0,1,0.01,0,0.784330017,214.2649158,4
3,fedgsl,gnn_fedgsl_gcn,1,citeseer,3,64,0,1,0.01,0,0.761498564,230.6975854,4
4,fedgsl,gnn_fedgsl_gcn,1,citeseer,3,64,0,1,0.01,0,0.788316579,212.2977674,4
,,,,,,,,,,,0.774474107,4 平均值,4
0,fedgsl,gnn_fedgsl_gcn,1,citeseer,3,64,0,1,0.01,0,0.762391037,207.2987581,5
1,fedgsl,gnn_fedgsl_gcn,1,citeseer,3,64,0,1,0.01,0,0.748891312,186.9007904,5
2,fedgsl,gnn_fedgsl_gcn,1,citeseer,3,64,0,1,0.01,0,0.768081742,189.4601109,5
3,fedgsl,gnn_fedgsl_gcn,1,citeseer,3,64,0,1,0.01,0,0.756411172,179.8723368,5
4,fedgsl,gnn_fedgsl_gcn,1,citeseer,3,64,0,1,0.01,0,0.756060469,175.467193,5
,,,,,,,,,,,0.758367146,5 平均值,5
0,fedgsl,gnn_fedgsl_gcn,1,citeseer,3,64,0,1,0.01,0,0.782723968,195.3085426,6
1,fedgsl,gnn_fedgsl_gcn,1,citeseer,3,64,0,1,0.01,0,0.773674352,197.2712291,6
2,fedgsl,gnn_fedgsl_gcn,1,citeseer,3,64,0,1,0.01,0,0.780228028,203.0090518,6
3,fedgsl,gnn_fedgsl_gcn,1,citeseer,3,64,0,1,0.01,0,0.777048015,194.5497295,6
4,fedgsl,gnn_fedgsl_gcn,1,citeseer,3,64,0,1,0.01,0,0.765347943,204.1073147,6
,,,,,,,,,,,0.775804461,6 平均值,6
0,fedgsl,gnn_fedgsl_gcn,1,citeseer,3,64,0,1,0.01,0,0.7544275,189.3226026,7
1,fedgsl,gnn_fedgsl_gcn,1,citeseer,3,64,0,1,0.01,0,0.755947624,251.2538011,7
2,fedgsl,gnn_fedgsl_gcn,1,citeseer,3,64,0,1,0.01,0,0.747817402,221.5084615,7
3,fedgsl,gnn_fedgsl_gcn,1,citeseer,3,64,0,1,0.01,0,0.777327544,283.2005265,7
4,fedgsl,gnn_fedgsl_gcn,1,citeseer,3,64,0,1,0.01,0,0.767284824,287.0724311,7
,,,,,,,,,,,0.760560979,7 平均值,7
0,fedgsl,gnn_fedgsl_gcn,1,citeseer,3,64,0,1,0.01,0.0005,0.785121815,285.957959,8
1,fedgsl,gnn_fedgsl_gcn,1,citeseer,3,64,0,1,0.01,0.0005,0.762810332,238.9907202,8
2,fedgsl,gnn_fedgsl_gcn,1,citeseer,3,64,0,1,0.01,0.0005,0.771859948,287.5297455,8
3,fedgsl,gnn_fedgsl_gcn,1,citeseer,3,64,0,1,0.01,0.0005,0.761010678,193.9389972,8
4,fedgsl,gnn_fedgsl_gcn,1,citeseer,3,64,0,1,0.01,0.0005,0.741123962,198.238927,8
,,,,,,,,,,,0.764385347,8 平均值,8
0,fedgsl,gnn_fedgsl_gcn,1,citeseer,3,64,0,1,0.01,0.0005,0.785445597,232.2635664,9
1,fedgsl,gnn_fedgsl_gcn,1,citeseer,3,64,0,1,0.01,0.0005,0.755626424,294.2024947,9
2,fedgsl,gnn_fedgsl_gcn,1,citeseer,3,64,0,1,0.01,0.0005,0.786713112,162.9627588,9
3,fedgsl,gnn_fedgsl_gcn,1,citeseer,3,64,0,1,0.01,0.0005,0.766350679,171.3075314,9
4,fedgsl,gnn_fedgsl_gcn,1,citeseer,3,64,0,1,0.01,0.0005,0.788289658,296.9691472,9
,,,,,,,,,,,0.776485094,9 平均值,9
0,fedgsl,gnn_fedgsl_gcn,1,citeseer,3,64,0,1,0.01,0.0005,0.767451509,208.0375123,10
1,fedgsl,gnn_fedgsl_gcn,1,citeseer,3,64,0,1,0.01,0.0005,0.767927226,208.8792018,10
2,fedgsl,gnn_fedgsl_gcn,1,citeseer,3,64,0,1,0.01,0.0005,0.763310431,290.0068702,10
3,fedgsl,gnn_fedgsl_gcn,1,citeseer,3,64,0,1,0.01,0.0005,0.782723968,293.3283149,10
4,fedgsl,gnn_fedgsl_gcn,1,citeseer,3,64,0,1,0.01,0.0005,0.738833841,206.6954478,10
,,,,,,,,,,,0.764049395,10 平均值,10
0,fedgsl,gnn_fedgsl_gcn,1,citeseer,3,64,0,1,0.01,0.0005,0.753951784,220.3311664,11
1,fedgsl,gnn_fedgsl_gcn,1,citeseer,3,64,0,1,0.01,0.0005,0.758387142,307.0098835,11
2,fedgsl,gnn_fedgsl_gcn,1,citeseer,3,64,0,1,0.01,0.0005,0.760505459,304.3489508,11
3,fedgsl,gnn_fedgsl_gcn,1,citeseer,3,64,0,1,0.01,0.0005,0.773689103,207.3614836,11
4,fedgsl,gnn_fedgsl_gcn,1,citeseer,3,64,0,1,0.01,0.0005,0.777425638,300.2542725,11
,,,,,,,,,,,0.764791825,11 平均值,11
0,fedgsl,gnn_fedgsl_gcn,1,citeseer,3,64,0,1,0.01,0.0005,0.766546866,271.4180086,12
1,fedgsl,gnn_fedgsl_gcn,1,citeseer,3,64,0,1,0.01,0.0005,0.782878484,295.7354217,12
2,fedgsl,gnn_fedgsl_gcn,1,citeseer,3,64,0,1,0.01,0.0005,0.777048015,224.1704564,12
3,fedgsl,gnn_fedgsl_gcn,1,citeseer,3,64,0,1,0.01,0.0005,0.748638703,190.7024805,12
4,fedgsl,gnn_fedgsl_gcn,1,citeseer,3,64,0,1,0.01,0.0005,0.789655267,219.5511504,12
,,,,,,,,,,,0.772953467,12 平均值,12
0,fedgsl,gnn_fedgsl_gcn,1,citeseer,3,64,0,1,0.01,0.0005,0.768721606,166.8780549,13
1,fedgsl,gnn_fedgsl_gcn,1,citeseer,3,64,0,1,0.01,0.0005,0.75997844,199.5810804,13
2,fedgsl,gnn_fedgsl_gcn,1,citeseer,3,64,0,1,0.01,0.0005,0.758806436,204.6412471,13
3,fedgsl,gnn_fedgsl_gcn,1,citeseer,3,64,0,1,0.01,0.0005,0.767802212,175.2584456,13
4,fedgsl,gnn_fedgsl_gcn,1,citeseer,3,64,0,1,0.01,0.0005,0.738208727,173.4679737,13
,,,,,,,,,,,0.758703484,13 平均值,13
0,fedgsl,gnn_fedgsl_gcn,1,citeseer,3,64,0,1,0.01,0.0005,0.774257794,202.4503677,14
1,fedgsl,gnn_fedgsl_gcn,1,citeseer,3,64,0,1,0.01,0.0005,0.783339449,292.5207215,14
2,fedgsl,gnn_fedgsl_gcn,1,citeseer,3,64,0,1,0.01,0.0005,0.767534852,215.1209598,14
3,fedgsl,gnn_fedgsl_gcn,1,citeseer,3,64,0,1,0.01,0.0005,0.774650168,200.3750227,14
4,fedgsl,gnn_fedgsl_gcn,1,citeseer,3,64,0,1,0.01,0.0005,0.783297778,209.1205163,14
,,,,,,,,,,,0.776616008,14 平均值,14
0,fedgsl,gnn_fedgsl_gcn,1,citeseer,3,64,0,1,0.01,0.0005,0.739490993,191.3942042,15
1,fedgsl,gnn_fedgsl_gcn,1,citeseer,3,64,0,1,0.01,0.0005,0.747103827,246.9398014,15
2,fedgsl,gnn_fedgsl_gcn,1,citeseer,3,64,0,1,0.01,0.0005,0.74886181,195.9296532,15
3,fedgsl,gnn_fedgsl_gcn,1,citeseer,3,64,0,1,0.01,0.0005,0.78135836,290.461755,15
4,fedgsl,gnn_fedgsl_gcn,1,citeseer,3,64,0,1,0.01,0.0005,0.74128811,216.6392447,15
,,,,,,,,,,,0.75162062,15 平均值,15
0,fedgsl,gnn_fedgsl_gcn,1,citeseer,3,64,0,1,0.1,0,0.703606029,960.2570713,16
1,fedgsl,gnn_fedgsl_gcn,1,citeseer,3,64,0,1,0.1,0,0.684275835,2055.453402,16
2,fedgsl,gnn_fedgsl_gcn,1,citeseer,3,64,0,1,0.1,0,0.691138542,2252.811293,16
3,fedgsl,gnn_fedgsl_gcn,1,citeseer,3,64,0,1,0.1,0,0.678668473,4094.36174,16
4,fedgsl,gnn_fedgsl_gcn,1,citeseer,3,64,0,1,0.1,0,0.673215627,1600.055325,16
,,,,,,,,,,,0.686180901,16 平均值,16
0,fedgsl,gnn_fedgsl_gcn,1,citeseer,3,64,0,1,0.1,0,0.688404744,2083.501151,17
1,fedgsl,gnn_fedgsl_gcn,1,citeseer,3,64,0,1,0.1,0,0.707511831,2234.680257,17
2,fedgsl,gnn_fedgsl_gcn,1,citeseer,3,64,0,1,0.1,0,0.718027731,1329.370519,17
3,fedgsl,gnn_fedgsl_gcn,1,citeseer,3,64,0,1,0.1,0,0.729367468,721.9088725,17
4,fedgsl,gnn_fedgsl_gcn,1,citeseer,3,64,0,1,0.1,0,0.729016765,1109.123277,17
,,,,,,,,,,,0.714465708,17 平均值,17
0,fedgsl,gnn_fedgsl_gcn,1,citeseer,3,64,0,1,0.1,0,0.707859997,5561.190529,18
1,fedgsl,gnn_fedgsl_gcn,1,citeseer,3,64,0,1,0.1,0,0.706690531,956.3964796,18
2,fedgsl,gnn_fedgsl_gcn,1,citeseer,3,64,0,1,0.1,0,0.652867946,5420.9467,18
3,fedgsl,gnn_fedgsl_gcn,1,citeseer,3,64,0,1,0.1,0,0.590525302,1255.324101,18
4,fedgsl,gnn_fedgsl_gcn,1,citeseer,3,64,0,1,0.1,0,0.672632185,4896.650814,18
,,,,,,,,,,,0.666115192,18 平均值,18
0,fedgsl,gnn_fedgsl_gcn,1,citeseer,3,64,0,1,0.1,0,0.680666896,2219.86328,19
1,fedgsl,gnn_fedgsl_gcn,1,citeseer,3,64,0,1,0.1,0,0.724316628,6888.35372,19
2,fedgsl,gnn_fedgsl_gcn,1,citeseer,3,64,0,1,0.1,0,0.658416348,31164.79665,19
3,fedgsl,gnn_fedgsl_gcn,1,citeseer,3,64,0,1,0.1,0,0.685906267,2864.574329,19
4,fedgsl,gnn_fedgsl_gcn,1,citeseer,3,64,0,1,0.1,0,0.682125479,12668.76497,19
,,,,,,,,,,,0.686286323,19 平均值,19
0,fedgsl,gnn_fedgsl_gcn,1,citeseer,3,64,0,1,0.1,0,0.678305601,2223.312278,20
1,fedgsl,gnn_fedgsl_gcn,1,citeseer,3,64,0,1,0.1,0,0.710302052,1572.715228,20
2,fedgsl,gnn_fedgsl_gcn,1,citeseer,3,64,0,1,0.1,0,0.716855727,1522.316118,20
3,fedgsl,gnn_fedgsl_gcn,1,citeseer,3,64,0,1,0.1,0,0.688318819,981.0744513,20
4,fedgsl,gnn_fedgsl_gcn,1,citeseer,3,64,0,1,0.1,0,0.694958419,1800.922318,20
,,,,,,,,,,,0.697748124,20 平均值,20
0,fedgsl,gnn_fedgsl_gcn,1,citeseer,3,64,0,1,0.1,0,0.701696113,1587.428434,21
1,fedgsl,gnn_fedgsl_gcn,1,citeseer,3,64,0,1,0.1,0,0.70862483,2146.197866,21
2,fedgsl,gnn_fedgsl_gcn,1,citeseer,3,64,0,1,0.1,0,0.690635906,1198.786689,21
3,fedgsl,gnn_fedgsl_gcn,1,citeseer,3,64,0,1,0.1,0,0.683204507,2350.085833,21
4,fedgsl,gnn_fedgsl_gcn,1,citeseer,3,64,0,1,0.1,0,0.692420808,2738.679272,21
,,,,,,,,,,,0.695316433,21 平均值,21
0,fedgsl,gnn_fedgsl_gcn,1,citeseer,3,64,0,1,0.1,0,0.564187516,2948.557762,22
1,fedgsl,gnn_fedgsl_gcn,1,citeseer,3,64,0,1,0.1,0,0.685474758,5173.407845,22
2,fedgsl,gnn_fedgsl_gcn,1,citeseer,3,64,0,1,0.1,0,0.703061721,5559.917597,22
3,fedgsl,gnn_fedgsl_gcn,1,citeseer,3,64,0,1,0.1,0,0.704150382,4721.894217,22
4,fedgsl,gnn_fedgsl_gcn,1,citeseer,3,64,0,1,0.1,0,0.714945811,5329.957564,22
,,,,,,,,,,,0.674364038,22 平均值,22
0,fedgsl,gnn_fedgsl_gcn,1,citeseer,3,64,0,1,0.1,0,0.576395344,52826.30514,23
1,fedgsl,gnn_fedgsl_gcn,1,citeseer,3,64,0,1,0.1,0,0.674402382,7184.094398,23
2,fedgsl,gnn_fedgsl_gcn,1,citeseer,3,64,0,1,0.1,0,0.723367732,2681.594065,23
3,fedgsl,gnn_fedgsl_gcn,1,citeseer,3,64,0,1,0.1,0,0.667287065,14997.69092,23
4,fedgsl,gnn_fedgsl_gcn,1,citeseer,3,64,0,1,0.1,0,0.684204662,2547.881402,23
,,,,,,,,,,,0.665131437,23 平均值,23
0,fedgsl,gnn_fedgsl_gcn,1,citeseer,3,64,0,1,0.1,0.0005,0.709029418,5476.997962,24
1,fedgsl,gnn_fedgsl_gcn,1,citeseer,3,64,0,1,0.1,0.0005,0.673350273,11959.43076,24
2,fedgsl,gnn_fedgsl_gcn,1,citeseer,3,64,0,1,0.1,0.0005,0.671484565,17399.24648,24
3,fedgsl,gnn_fedgsl_gcn,1,citeseer,3,64,0,1,0.1,0.0005,0.730720907,691.781172,24
4,fedgsl,gnn_fedgsl_gcn,1,citeseer,3,64,0,1,0.1,0.0005,0.683660354,5682.226782,24
,,,,,,,,,,,0.693649103,24 平均值,24
0,fedgsl,gnn_fedgsl_gcn,1,citeseer,3,64,0,1,0.1,0.0005,0.687355217,6880.68864,25
1,fedgsl,gnn_fedgsl_gcn,1,citeseer,3,64,0,1,0.1,0.0005,0.757090125,1524.20679,25
2,fedgsl,gnn_fedgsl_gcn,1,citeseer,3,64,0,1,0.1,0.0005,0.74886181,1961.897906,25
3,fedgsl,gnn_fedgsl_gcn,1,citeseer,3,64,0,1,0.1,0.0005,0.740925193,1554.04426,25
4,fedgsl,gnn_fedgsl_gcn,1,citeseer,3,64,0,1,0.1,0.0005,0.702460991,5831.066814,25
,,,,,,,,,,,0.727338667,25 平均值,25
0,fedgsl,gnn_fedgsl_gcn,1,citeseer,3,64,0,1,0.1,0.0005,0.675655145,22898.8695,26
1,fedgsl,gnn_fedgsl_gcn,1,citeseer,3,64,0,1,0.1,0.0005,0.717480841,4889.0782,26
2,fedgsl,gnn_fedgsl_gcn,1,citeseer,3,64,0,1,0.1,0.0005,0.679950739,60426.37938,26
3,fedgsl,gnn_fedgsl_gcn,1,citeseer,3,64,0,1,0.1,0.0005,0.704231143,20543.8132,26
4,fedgsl,gnn_fedgsl_gcn,1,citeseer,3,64,0,1,0.1,0.0005,0.673715727,55393.07154,26
,,,,,,,,,,,0.690206719,26 平均值,26
0,fedgsl,gnn_fedgsl_gcn,1,citeseer,3,64,0,1,0.1,0.0005,0.689071528,22431.31724,27
1,fedgsl,gnn_fedgsl_gcn,1,citeseer,3,64,0,1,0.1,0.0005,0.727065177,15204.85547,27
2,fedgsl,gnn_fedgsl_gcn,1,citeseer,3,64,0,1,0.1,0.0005,0.728734698,7432.594873,27
3,fedgsl,gnn_fedgsl_gcn,1,citeseer,3,64,0,1,0.1,0.0005,0.724162112,13303.71063,27
4,fedgsl,gnn_fedgsl_gcn,1,citeseer,3,64,0,1,0.1,0.0005,0.696704233,5651.543503,27
,,,,,,,,,,,0.71314755,27 平均值,27
0,fedgsl,gnn_fedgsl_gcn,1,citeseer,3,64,0,1,0.1,0.0005,0.689226044,3868.12137,28
1,fedgsl,gnn_fedgsl_gcn,1,citeseer,3,64,0,1,0.1,0.0005,0.725920094,2819.504555,28
2,fedgsl,gnn_fedgsl_gcn,1,citeseer,3,64,0,1,0.1,0.0005,0.719393339,3402.950267,28
3,fedgsl,gnn_fedgsl_gcn,1,citeseer,3,64,0,1,0.1,0.0005,0.711245829,2085.004242,28
4,fedgsl,gnn_fedgsl_gcn,1,citeseer,3,64,0,1,0.1,0.0005,0.691680313,8324.867703,28
,,,,,,,,,,,0.707493124,28 平均值,28
0,fedgsl,gnn_fedgsl_gcn,1,citeseer,3,64,0,1,0.1,0.0005,0.704260645,9491.771835,29
1,fedgsl,gnn_fedgsl_gcn,1,citeseer,3,64,0,1,0.1,0.0005,0.708315843,1308.329723,29
2,fedgsl,gnn_fedgsl_gcn,1,citeseer,3,64,0,1,0.1,0.0005,0.702166711,10209.81252,29
3,fedgsl,gnn_fedgsl_gcn,1,citeseer,3,64,0,1,0.1,0.0005,0.751610359,3164.293475,29
4,fedgsl,gnn_fedgsl_gcn,1,citeseer,3,64,0,1,0.1,0.0005,0.711929901,8245.260452,29
,,,,,,,,,,,0.715656692,29 平均值,29
0,fedgsl,gnn_fedgsl_gcn,1,citeseer,3,64,0,1,0.1,0.0005,0.685822924,13557.2255,30
1,fedgsl,gnn_fedgsl_gcn,1,citeseer,3,64,0,1,0.1,0.0005,0.675628225,31752.21861,30
2,fedgsl,gnn_fedgsl_gcn,1,citeseer,3,64,0,1,0.1,0.0005,0.689642801,26105.10059,30
3,fedgsl,gnn_fedgsl_gcn,1,citeseer,3,64,0,1,0.1,0.0005,0.685528643,23416.13538,30
4,fedgsl,gnn_fedgsl_gcn,1,citeseer,3,64,0,1,0.1,0.0005,0.700492071,20634.31641,30
,,,,,,,,,,,0.687422933,30 平均值,30
0,fedgsl,gnn_fedgsl_gcn,1,citeseer,3,64,0,1,0.1,0.0005,0.704022786,23671.16759,31
1,fedgsl,gnn_fedgsl_gcn,1,citeseer,3,64,0,1,0.1,0.0005,0.720857041,15443.58678,31
2,fedgsl,gnn_fedgsl_gcn,1,citeseer,3,64,0,1,0.1,0.0005,0.763714974,8391.912944,31
3,fedgsl,gnn_fedgsl_gcn,1,citeseer,3,64,0,1,0.1,0.0005,0.679001888,18957.77293,31
4,fedgsl,gnn_fedgsl_gcn,1,citeseer,3,64,0,1,0.1,0.0005,0.719964612,10060.91082,31
,,,,,,,,,,,0.71751226,31 平均值,31
0,fedgsl,gnn_fedgsl_gcn,1,citeseer,3,64,0,1,0.25,0,0.588431368,6677.296455,32
1,fedgsl,gnn_fedgsl_gcn,1,citeseer,3,64,0,1,0.25,0,0.26787947,5456.447544,32
2,fedgsl,gnn_fedgsl_gcn,1,citeseer,3,64,0,1,0.25,0,0.549175323,3933.298085,32
3,fedgsl,gnn_fedgsl_gcn,1,citeseer,3,64,0,1,0.25,0,0.484400211,4082.536247,32
4,fedgsl,gnn_fedgsl_gcn,1,citeseer,3,64,0,1,0.25,0,0.592486521,3963.19553,32
,,,,,,,,,,,0.496474578,32 平均值,32
0,fedgsl,gnn_fedgsl_gcn,1,citeseer,3,64,0,1,0.25,0,0.687345585,12967.10445,33
1,fedgsl,gnn_fedgsl_gcn,1,citeseer,3,64,0,1,0.25,0,0.605500943,6455.527114,33
2,fedgsl,gnn_fedgsl_gcn,1,citeseer,3,64,0,1,0.25,0,0.487148761,5321.331893,33
3,fedgsl,gnn_fedgsl_gcn,1,citeseer,3,64,0,1,0.25,0,0.621793426,8018.902643,33
4,fedgsl,gnn_fedgsl_gcn,1,citeseer,3,64,0,1,0.25,0,0.556908052,81521.12757,33
,,,,,,,,,,,0.591739353,33 平均值,33
0,fedgsl,gnn_fedgsl_gcn,1,citeseer,3,64,0,1,0.25,0,0.45012134,28769.48255,34
1,fedgsl,gnn_fedgsl_gcn,1,citeseer,3,64,0,1,0.25,0,0.525080868,10038.84659,34
2,fedgsl,gnn_fedgsl_gcn,1,citeseer,3,64,0,1,0.25,0,0.428631158,20089.22318,34
3,fedgsl,gnn_fedgsl_gcn,1,citeseer,3,64,0,1,0.25,0,0.656521138,38547.02153,34
4,fedgsl,gnn_fedgsl_gcn,1,citeseer,3,64,0,1,0.25,0,0.460355129,12279.4339,34
,,,,,,,,,,,0.504141927,34 平均值,34
0,fedgsl,gnn_fedgsl_gcn,1,citeseer,3,64,0,1,0.25,0,0.706575149,93607.11972,35
1,fedgsl,gnn_fedgsl_gcn,1,citeseer,3,64,0,1,0.25,0,0.506044954,35245.12825,35
2,fedgsl,gnn_fedgsl_gcn,1,citeseer,3,64,0,1,0.25,0,0.463456918,20432.03103,35
3,fedgsl,gnn_fedgsl_gcn,1,citeseer,3,64,0,1,0.25,0,0.534935102,30502.01957,35
4,fedgsl,gnn_fedgsl_gcn,1,citeseer,3,64,0,1,0.25,0,0.456805149,22082.17797,35
,,,,,,,,,,,0.533563455,35 平均值,35
0,fedgsl,gnn_fedgsl_gcn,1,citeseer,3,64,0,1,0.25,0,0.554280048,4876.196886,36
1,fedgsl,gnn_fedgsl_gcn,1,citeseer,3,64,0,1,0.25,0,0.50760675,4092.914719,36
2,fedgsl,gnn_fedgsl_gcn,1,citeseer,3,64,0,1,0.25,0,0.590525302,6005.878398,36
3,fedgsl,gnn_fedgsl_gcn,1,citeseer,3,64,0,1,0.25,0,0.664273737,21585.63523,36
4,fedgsl,gnn_fedgsl_gcn,1,citeseer,3,64,0,1,0.25,0,0.590064336,5720.0785,36
,,,,,,,,,,,0.581350035,36 平均值,36
0,fedgsl,gnn_fedgsl_gcn,1,citeseer,3,64,0,1,0.25,0,0.696522797,26968.74974,37
1,fedgsl,gnn_fedgsl_gcn,1,citeseer,3,64,0,1,0.25,0,0.68910103,22228.41776,37
2,fedgsl,gnn_fedgsl_gcn,1,citeseer,3,64,0,1,0.25,0,0.667608266,24550.6142,37
3,fedgsl,gnn_fedgsl_gcn,1,citeseer,3,64,0,1,0.25,0,0.709546806,22420.13431,37
4,fedgsl,gnn_fedgsl_gcn,1,citeseer,3,64,0,1,0.25,0,0.677219523,12817.63828,37
,,,,,,,,,,,0.687999684,37 平均值,37
0,fedgsl,gnn_fedgsl_gcn,1,citeseer,3,64,0,1,0.25,0,0.548964385,12046.15223,38
1,fedgsl,gnn_fedgsl_gcn,1,citeseer,3,64,0,1,0.25,0,0.548327102,26891.07053,38
2,fedgsl,gnn_fedgsl_gcn,1,citeseer,3,64,0,1,0.25,0,0.569333912,40848.57702,38
3,fedgsl,gnn_fedgsl_gcn,1,citeseer,3,64,0,1,0.25,0,0.455591475,4096.565514,38
4,fedgsl,gnn_fedgsl_gcn,1,citeseer,3,64,0,1,0.25,0,0.672460381,43918.59381,38
,,,,,,,,,,,0.558935451,38 平均值,38
0,fedgsl,gnn_fedgsl_gcn,1,citeseer,3,64,0,1,0.25,0,0.483046817,11562.4606,39
1,fedgsl,gnn_fedgsl_gcn,1,citeseer,3,64,0,1,0.25,0,0.564445245,26187.85192,39
2,fedgsl,gnn_fedgsl_gcn,1,citeseer,3,64,0,1,0.25,0,0.496097746,22747.81086,39
3,fedgsl,gnn_fedgsl_gcn,1,citeseer,3,64,0,1,0.25,0,0.654944592,60556.85178,39
4,fedgsl,gnn_fedgsl_gcn,1,citeseer,3,64,0,1,0.25,0,0.597466232,22858.65021,39
,,,,,,,,,,,0.559200126,39 平均值,39
0,fedgsl,gnn_fedgsl_gcn,1,citeseer,3,64,0,1,0.25,0.0005,0.681331098,146811.1168,40
1,fedgsl,gnn_fedgsl_gcn,1,citeseer,3,64,0,1,0.25,0.0005,0.707619556,101512.2501,40
2,fedgsl,gnn_fedgsl_gcn,1,citeseer,3,64,0,1,0.25,0.0005,0.718694515,43143.50858,40
3,fedgsl,gnn_fedgsl_gcn,1,citeseer,3,64,0,1,0.25,0.0005,0.688429127,36663.2179,40
4,fedgsl,gnn_fedgsl_gcn,1,citeseer,3,64,0,1,0.25,0.0005,0.672109678,56754.32685,40
,,,,,,,,,,,0.693636795,40 平均值,40
0,fedgsl,gnn_fedgsl_gcn,1,citeseer,3,64,0,1,0.25,0.0005,0.699545757,89935.55801,41
1,fedgsl,gnn_fedgsl_gcn,1,citeseer,3,64,0,1,0.25,0.0005,0.723590839,58202.19683,41
2,fedgsl,gnn_fedgsl_gcn,1,citeseer,3,64,0,1,0.25,0.0005,0.724245454,45761.08615,41
3,fedgsl,gnn_fedgsl_gcn,1,citeseer,3,64,0,1,0.25,0.0005,0.684496405,161170.6339,41
4,fedgsl,gnn_fedgsl_gcn,1,citeseer,3,64,0,1,0.25,0.0005,0.711108601,46389.08172,41
,,,,,,,,,,,0.708597411,41 平均值,41
0,fedgsl,gnn_fedgsl_gcn,1,citeseer,3,64,0,1,0.25,0.0005,0.727454969,62790.51912,42
1,fedgsl,gnn_fedgsl_gcn,1,citeseer,3,64,0,1,0.25,0.0005,0.705138367,218928.4147,42
2,fedgsl,gnn_fedgsl_gcn,1,citeseer,3,64,0,1,0.25,0.0005,0.687411639,401917.4739,42
3,fedgsl,gnn_fedgsl_gcn,1,citeseer,3,64,0,1,0.25,0.0005,0.74248957,183523.0492,42
4,fedgsl,gnn_fedgsl_gcn,1,citeseer,3,64,0,1,0.25,0.0005,0.677175269,510400.6924,42
,,,,,,,,,,,0.707933963,42 平均值,42
0,fedgsl,gnn_fedgsl_gcn,1,citeseer,3,64,0,1,0.25,0.0005,0.69379863,171152.1908,43
1,fedgsl,gnn_fedgsl_gcn,1,citeseer,3,64,0,1,0.25,0.0005,0.698010882,545295.0566,43
2,fedgsl,gnn_fedgsl_gcn,1,citeseer,3,64,0,1,0.25,0.0005,0.679489774,634353.1021,43
3,fedgsl,gnn_fedgsl_gcn,1,citeseer,3,64,0,1,0.25,0.0005,0.691133423,528944.817,43
4,fedgsl,gnn_fedgsl_gcn,1,citeseer,3,64,0,1,0.25,0.0005,0.683773198,361065.9718,43
,,,,,,,,,,,0.689241181,43 平均值,43
0,fedgsl,gnn_fedgsl_gcn,1,citeseer,3,64,0,1,0.25,0.0005,0.725223808,17235.99828,44
1,fedgsl,gnn_fedgsl_gcn,1,citeseer,3,64,0,1,0.25,0.0005,0.695750218,120914.1246,44
2,fedgsl,gnn_fedgsl_gcn,1,citeseer,3,64,0,1,0.25,0.0005,0.71636526,68487.12746,44
3,fedgsl,gnn_fedgsl_gcn,1,citeseer,3,64,0,1,0.25,0.0005,0.713479527,19292.69627,44
4,fedgsl,gnn_fedgsl_gcn,1,citeseer,3,64,0,1,0.25,0.0005,0.711944652,88896.54575,44
,,,,,,,,,,,0.712552693,44 平均值,44
0,fedgsl,gnn_fedgsl_gcn,1,citeseer,3,64,0,1,0.25,0.0005,0.733407915,34635.81394,45
1,fedgsl,gnn_fedgsl_gcn,1,citeseer,3,64,0,1,0.25,0.0005,0.713491697,59391.99511,45
2,fedgsl,gnn_fedgsl_gcn,1,citeseer,3,64,0,1,0.25,0.0005,0.738890263,15739.51306,45
3,fedgsl,gnn_fedgsl_gcn,1,citeseer,3,64,0,1,0.25,0.0005,0.744649558,41710.70349,45
4,fedgsl,gnn_fedgsl_gcn,1,citeseer,3,64,0,1,0.25,0.0005,0.68996142,100324.3797,45
,,,,,,,,,,,0.724080171,45 平均值,45
0,fedgsl,gnn_fedgsl_gcn,1,citeseer,3,64,0,1,0.25,0.0005,0.694193541,159799.3687,46
1,fedgsl,gnn_fedgsl_gcn,1,citeseer,3,64,0,1,0.25,0.0005,0.712797992,52244.89796,46
2,fedgsl,gnn_fedgsl_gcn,1,citeseer,3,64,0,1,0.25,0.0005,0.712653108,228061.9831,46
3,fedgsl,gnn_fedgsl_gcn,1,citeseer,3,64,0,1,0.25,0.0005,0.680605354,239733.9254,46
4,fedgsl,gnn_fedgsl_gcn,1,citeseer,3,64,0,1,0.25,0.0005,0.676491197,475156.8683,46
,,,,,,,,,,,0.695348239,46 平均值,46
0,fedgsl,gnn_fedgsl_gcn,1,citeseer,3,64,0,1,0.25,0.0005,0.723811409,286617.7946,47
1,fedgsl,gnn_fedgsl_gcn,1,citeseer,3,64,0,1,0.25,0.0005,0.726783066,153379.8885,47
2,fedgsl,gnn_fedgsl_gcn,1,citeseer,3,64,0,1,0.25,0.0005,0.708485065,136567.0922,47
3,fedgsl,gnn_fedgsl_gcn,1,citeseer,3,64,0,1,0.25,0.0005,0.68965497,927547.7118,47
4,fedgsl,gnn_fedgsl_gcn,1,citeseer,3,64,0,1,0.25,0.0005,0.694274347,447300.6864,47
,,,,,,,,,,,0.708601771,47 平均值,47
0,fedgsl,gnn_fedgsl_gcn,1,citeseer,3,64,0.5,1,0.01,0,0.793561068,295.4407134,48
1,fedgsl,gnn_fedgsl_gcn,1,citeseer,3,64,0.5,1,0.01,0,0.77886242,303.743746,48
2,fedgsl,gnn_fedgsl_gcn,1,citeseer,3,64,0.5,1,0.01,0,0.777033264,295.6557027,48
3,fedgsl,gnn_fedgsl_gcn,1,citeseer,3,64,0.5,1,0.01,0,0.787995378,190.9335053,48
4,fedgsl,gnn_fedgsl_gcn,1,citeseer,3,64,0.5,1,0.01,0,0.77191637,336.8687744,48
,,,,,,,,,,,0.7818737,48 平均值,48
0,fedgsl,gnn_fedgsl_gcn,1,citeseer,3,64,0.5,1,0.01,0,0.773240307,291.0047919,49
1,fedgsl,gnn_fedgsl_gcn,1,citeseer,3,64,0.5,1,0.01,0,0.730720907,215.7028076,49
2,fedgsl,gnn_fedgsl_gcn,1,citeseer,3,64,0.5,1,0.01,0,0.762825083,165.9419344,49
3,fedgsl,gnn_fedgsl_gcn,1,citeseer,3,64,0.5,1,0.01,0,0.763952833,346.0271701,49
4,fedgsl,gnn_fedgsl_gcn,1,citeseer,3,64,0.5,1,0.01,0,0.774566826,202.4088427,49
,,,,,,,,,,,0.761061191,49 平均值,49
0,fedgsl,gnn_fedgsl_gcn,1,citeseer,3,64,0.5,1,0.01,0,0.787117655,212.9619597,50
1,fedgsl,gnn_fedgsl_gcn,1,citeseer,3,64,0.5,1,0.01,0,0.769503772,218.0674675,50
2,fedgsl,gnn_fedgsl_gcn,1,citeseer,3,64,0.5,1,0.01,0,0.786936219,155.1471093,50
3,fedgsl,gnn_fedgsl_gcn,1,citeseer,3,64,0.5,1,0.01,0,0.770589851,219.2285831,50
4,fedgsl,gnn_fedgsl_gcn,1,citeseer,3,64,0.5,1,0.01,0,0.766966161,208.1586024,50
,,,,,,,,,,,0.776222732,50 平均值,50
0,fedgsl,gnn_fedgsl_gcn,1,citeseer,3,64,0.5,1,0.01,0,0.775932434,221.065433,51
1,fedgsl,gnn_fedgsl_gcn,1,citeseer,3,64,0.5,1,0.01,0,0.787090735,231.4712451,51
2,fedgsl,gnn_fedgsl_gcn,1,citeseer,3,64,0.5,1,0.01,0,0.770744367,309.057739,51
3,fedgsl,gnn_fedgsl_gcn,1,citeseer,3,64,0.5,1,0.01,0,0.787174078,218.0509801,51
4,fedgsl,gnn_fedgsl_gcn,1,citeseer,3,64,0.5,1,0.01,0,0.790464398,307.5296694,51
,,,,,,,,,,,0.782281202,51 平均值,51
0,fedgsl,gnn_fedgsl_gcn,1,citeseer,3,64,0.5,1,0.01,0,0.767816963,153.6887559,52
1,fedgsl,gnn_fedgsl_gcn,1,citeseer,3,64,0.5,1,0.01,0,0.759005205,193.385217,52
2,fedgsl,gnn_fedgsl_gcn,1,citeseer,3,64,0.5,1,0.01,0,0.774108397,232.409122,52
3,fedgsl,gnn_fedgsl_gcn,1,citeseer,3,64,0.5,1,0.01,0,0.776199794,195.6497696,52
4,fedgsl,gnn_fedgsl_gcn,1,citeseer,3,64,0.5,1,0.01,0,0.800534038,227.0920655,52
,,,,,,,,,,,0.77553288,52 平均值,52
0,fedgsl,gnn_fedgsl_gcn,1,citeseer,3,64,0.5,1,0.01,0,0.785487269,166.4617928,53
1,fedgsl,gnn_fedgsl_gcn,1,citeseer,3,64,0.5,1,0.01,0,0.75857116,168.4712418,53
2,fedgsl,gnn_fedgsl_gcn,1,citeseer,3,64,0.5,1,0.01,0,0.754385829,161.8092234,53
3,fedgsl,gnn_fedgsl_gcn,1,citeseer,3,64,0.5,1,0.01,0,0.768307431,184.5598635,53
4,fedgsl,gnn_fedgsl_gcn,1,citeseer,3,64,0.5,1,0.01,0,0.77194329,341.8598597,53
,,,,,,,,,,,0.767738996,53 平均值,53
0,fedgsl,gnn_fedgsl_gcn,1,citeseer,3,64,0.5,1,0.01,0,0.778707904,211.3946603,54
1,fedgsl,gnn_fedgsl_gcn,1,citeseer,3,64,0.5,1,0.01,0,0.781834076,209.2118015,54
2,fedgsl,gnn_fedgsl_gcn,1,citeseer,3,64,0.5,1,0.01,0,0.787370265,217.7460202,54
3,fedgsl,gnn_fedgsl_gcn,1,citeseer,3,64,0.5,1,0.01,0,0.773394823,178.9192257,54
4,fedgsl,gnn_fedgsl_gcn,1,citeseer,3,64,0.5,1,0.01,0,0.76029964,212.8637292,54
,,,,,,,,,,,0.776321342,54 平均值,54
0,fedgsl,gnn_fedgsl_gcn,1,citeseer,3,64,0.5,1,0.01,0,0.7536062,232.629994,55
1,fedgsl,gnn_fedgsl_gcn,1,citeseer,3,64,0.5,1,0.01,0,0.731289598,268.8138857,55
2,fedgsl,gnn_fedgsl_gcn,1,citeseer,3,64,0.5,1,0.01,0,0.741207304,284.3500608,55
3,fedgsl,gnn_fedgsl_gcn,1,citeseer,3,64,0.5,1,0.01,0,0.765011991,187.8040005,55
4,fedgsl,gnn_fedgsl_gcn,1,citeseer,3,64,0.5,1,0.01,0,0.732044844,213.3330688,55
,,,,,,,,,,,0.744631987,55 平均值,55
0,fedgsl,gnn_fedgsl_gcn,1,citeseer,3,64,0.5,1,0.01,0.0005,0.794926677,300.1258123,56
1,fedgsl,gnn_fedgsl_gcn,1,citeseer,3,64,0.5,1,0.01,0.0005,0.778791246,255.3081187,56
2,fedgsl,gnn_fedgsl_gcn,1,citeseer,3,64,0.5,1,0.01,0.0005,0.77693517,302.2422019,56
3,fedgsl,gnn_fedgsl_gcn,1,citeseer,3,64,0.5,1,0.01,0.0005,0.766460942,248.4132818,56
4,fedgsl,gnn_fedgsl_gcn,1,citeseer,3,64,0.5,1,0.01,0.0005,0.768008031,241.7927557,56
,,,,,,,,,,,0.777024413,56 平均值,56
0,fedgsl,gnn_fedgsl_gcn,1,citeseer,3,64,0.5,1,0.01,0.0005,0.776351728,193.2059715,57
1,fedgsl,gnn_fedgsl_gcn,1,citeseer,3,64,0.5,1,0.01,0.0005,0.742028605,166.7818994,57
2,fedgsl,gnn_fedgsl_gcn,1,citeseer,3,64,0.5,1,0.01,0.0005,0.763464947,186.1652489,57
3,fedgsl,gnn_fedgsl_gcn,1,citeseer,3,64,0.5,1,0.01,0.0005,0.773353151,350.1526102,57
4,fedgsl,gnn_fedgsl_gcn,1,citeseer,3,64,0.5,1,0.01,0.0005,0.782500861,311.6153713,57
,,,,,,,,,,,0.767539858,57 平均值,57
0,fedgsl,gnn_fedgsl_gcn,1,citeseer,3,64,0.5,1,0.01,0.0005,0.781370529,221.5145723,58
1,fedgsl,gnn_fedgsl_gcn,1,citeseer,3,64,0.5,1,0.01,0.0005,0.766755223,226.9394109,58
2,fedgsl,gnn_fedgsl_gcn,1,citeseer,3,64,0.5,1,0.01,0.0005,0.770464837,170.504885,58
3,fedgsl,gnn_fedgsl_gcn,1,citeseer,3,64,0.5,1,0.01,0.0005,0.768165084,227.7646315,58
4,fedgsl,gnn_fedgsl_gcn,1,citeseer,3,64,0.5,1,0.01,0.0005,0.749599768,228.2664647,58
,,,,,,,,,,,0.767271088,58 平均值,58
0,fedgsl,gnn_fedgsl_gcn,1,citeseer,3,64,0.5,1,0.01,0.0005,0.762655816,166.1231362,59
1,fedgsl,gnn_fedgsl_gcn,1,citeseer,3,64,0.5,1,0.01,0.0005,0.783756206,241.2816671,59
2,fedgsl,gnn_fedgsl_gcn,1,citeseer,3,64,0.5,1,0.01,0.0005,0.77611387,314.2510492,59
3,fedgsl,gnn_fedgsl_gcn,1,citeseer,3,64,0.5,1,0.01,0.0005,0.792570501,227.0752695,59
4,fedgsl,gnn_fedgsl_gcn,1,citeseer,3,64,0.5,1,0.01,0.0005,0.762055086,238.750289,59
,,,,,,,,,,,0.775430296,59 平均值,59
0,fedgsl,gnn_fedgsl_gcn,1,citeseer,3,64,0.5,1,0.01,0.0005,0.763688054,170.5607853,60
1,fedgsl,gnn_fedgsl_gcn,1,citeseer,3,64,0.5,1,0.01,0.0005,0.780340872,306.8299866,60
2,fedgsl,gnn_fedgsl_gcn,1,citeseer,3,64,0.5,1,0.01,0.0005,0.761709502,243.1601421,60
3,fedgsl,gnn_fedgsl_gcn,1,citeseer,3,64,0.5,1,0.01,0.0005,0.772794092,157.9846754,60
4,fedgsl,gnn_fedgsl_gcn,1,citeseer,3,64,0.5,1,0.01,0.0005,0.796321787,236.1034937,60
,,,,,,,,,,,0.774970862,60 平均值,60
0,fedgsl,gnn_fedgsl_gcn,1,citeseer,3,64,0.5,1,0.01,0.0005,0.762096757,216.5566629,61
1,fedgsl,gnn_fedgsl_gcn,1,citeseer,3,64,0.5,1,0.01,0.0005,0.736936094,214.2308101,61
2,fedgsl,gnn_fedgsl_gcn,1,citeseer,3,64,0.5,1,0.01,0.0005,0.743144185,165.1345444,61
3,fedgsl,gnn_fedgsl_gcn,1,citeseer,3,64,0.5,1,0.01,0.0005,0.781218595,159.7675607,61
4,fedgsl,gnn_fedgsl_gcn,1,citeseer,3,64,0.5,1,0.01,0.0005,0.773603179,345.9085958,61
,,,,,,,,,,,0.759399762,61 平均值,61
0,fedgsl,gnn_fedgsl_gcn,1,citeseer,3,64,0.5,1,0.01,0.0005,0.779752311,220.5243766,62
1,fedgsl,gnn_fedgsl_gcn,1,citeseer,3,64,0.5,1,0.01,0.0005,0.773269809,219.5493538,62
2,fedgsl,gnn_fedgsl_gcn,1,citeseer,3,64,0.5,1,0.01,0.0005,0.782863733,227.0038888,62
3,fedgsl,gnn_fedgsl_gcn,1,citeseer,3,64,0.5,1,0.01,0.0005,0.764705542,191.6133605,62
4,fedgsl,gnn_fedgsl_gcn,1,citeseer,3,64,0.5,1,0.01,0.0005,0.741749075,234.9403028,62
,,,,,,,,,,,0.768468094,62 平均值,62
0,fedgsl,gnn_fedgsl_gcn,1,citeseer,3,64,0.5,1,0.01,0.0005,0.738622903,178.3982424,63
1,fedgsl,gnn_fedgsl_gcn,1,citeseer,3,64,0.5,1,0.01,0.0005,0.756840098,178.3635191,63
2,fedgsl,gnn_fedgsl_gcn,1,citeseer,3,64,0.5,1,0.01,0.0005,0.751428923,241.5376609,63
3,fedgsl,gnn_fedgsl_gcn,1,citeseer,3,64,0.5,1,0.01,0.0005,0.775988856,304.7550146,63
4,fedgsl,gnn_fedgsl_gcn,1,citeseer,3,64,0.5,1,0.01,0.0005,0.754231313,186.9572632,63
,,,,,,,,,,,0.755422419,63 平均值,63
0,fedgsl,gnn_fedgsl_gcn,1,citeseer,3,64,0.5,1,0.1,0,0.711635621,2764.664017,64
1,fedgsl,gnn_fedgsl_gcn,1,citeseer,3,64,0.5,1,0.1,0,0.720425577,4613.903488,64
2,fedgsl,gnn_fedgsl_gcn,1,citeseer,3,64,0.5,1,0.1,0,0.709436543,3258.949321,64
3,fedgsl,gnn_fedgsl_gcn,1,citeseer,3,64,0.5,1,0.1,0,0.672614897,2056.436727,64
4,fedgsl,gnn_fedgsl_gcn,1,citeseer,3,64,0.5,1,0.1,0,0.705530741,1581.919477,64
,,,,,,,,,,,0.703928676,64 平均值,64
0,fedgsl,gnn_fedgsl_gcn,1,citeseer,3,64,0.5,1,0.1,0,0.701360161,3941.600489,65
1,fedgsl,gnn_fedgsl_gcn,1,citeseer,3,64,0.5,1,0.1,0,0.718363682,1907.436649,65
2,fedgsl,gnn_fedgsl_gcn,1,citeseer,3,64,0.5,1,0.1,0,0.720187719,4440.670135,65
3,fedgsl,gnn_fedgsl_gcn,1,citeseer,3,64,0.5,1,0.1,0,0.711346459,3806.54534,65
4,fedgsl,gnn_fedgsl_gcn,1,citeseer,3,64,0.5,1,0.1,0,0.711917732,2893.685035,65
,,,,,,,,,,,0.712635151,65 平均值,65
0,fedgsl,gnn_fedgsl_gcn,1,citeseer,3,64,0.5,1,0.1,0,0.716183824,7153.060153,66
1,fedgsl,gnn_fedgsl_gcn,1,citeseer,3,64,0.5,1,0.1,0,0.75859808,5985.524071,66
2,fedgsl,gnn_fedgsl_gcn,1,citeseer,3,64,0.5,1,0.1,0,0.718917622,6078.290195,66
3,fedgsl,gnn_fedgsl_gcn,1,citeseer,3,64,0.5,1,0.1,0,0.702796943,2587.97102,66
4,fedgsl,gnn_fedgsl_gcn,1,citeseer,3,64,0.5,1,0.1,0,0.715166336,4094.910253,66
,,,,,,,,,,,0.722332561,66 平均值,66
0,fedgsl,gnn_fedgsl_gcn,1,citeseer,3,64,0.5,1,0.1,0,0.73352076,4621.146228,67
1,fedgsl,gnn_fedgsl_gcn,1,citeseer,3,64,0.5,1,0.1,0,0.733187345,4185.140737,67
2,fedgsl,gnn_fedgsl_gcn,1,citeseer,3,64,0.5,1,0.1,0,0.728359612,4358.381519,67
3,fedgsl,gnn_fedgsl_gcn,1,citeseer,3,64,0.5,1,0.1,0,0.729938741,6736.968931,67
4,fedgsl,gnn_fedgsl_gcn,1,citeseer,3,64,0.5,1,0.1,0,0.747859073,6476.619616,67
,,,,,,,,,,,0.734573106,67 平均值,67
0,fedgsl,gnn_fedgsl_gcn,1,citeseer,3,64,0.5,1,0.1,0,0.722585566,254.5395814,68
1,fedgsl,gnn_fedgsl_gcn,1,citeseer,3,64,0.5,1,0.1,0,0.717385329,4738.297114,68
2,fedgsl,gnn_fedgsl_gcn,1,citeseer,3,64,0.5,1,0.1,0,0.72077628,1831.736151,68
3,fedgsl,gnn_fedgsl_gcn,1,citeseer,3,64,0.5,1,0.1,0,0.721779016,731.0600746,68
4,fedgsl,gnn_fedgsl_gcn,1,citeseer,3,64,0.5,1,0.1,0,0.705405728,4344.771826,68
,,,,,,,,,,,0.717586384,68 平均值,68
0,fedgsl,gnn_fedgsl_gcn,1,citeseer,3,64,0.5,1,0.1,0,0.683871292,7401.431092,69
1,fedgsl,gnn_fedgsl_gcn,1,citeseer,3,64,0.5,1,0.1,0,0.722588103,1478.146522,69
2,fedgsl,gnn_fedgsl_gcn,1,citeseer,3,64,0.5,1,0.1,0,0.697287675,3811.93662,69
3,fedgsl,gnn_fedgsl_gcn,1,citeseer,3,64,0.5,1,0.1,0,0.700663875,4529.723963,69
4,fedgsl,gnn_fedgsl_gcn,1,citeseer,3,64,0.5,1,0.1,0,0.707970259,3628.904636,69
,,,,,,,,,,,0.702476241,69 平均值,69
0,fedgsl,gnn_fedgsl_gcn,1,citeseer,3,64,0.5,1,0.1,0,0.717882847,4405.468349,70
1,fedgsl,gnn_fedgsl_gcn,1,citeseer,3,64,0.5,1,0.1,0,0.706477055,3699.694248,70
2,fedgsl,gnn_fedgsl_gcn,1,citeseer,3,64,0.5,1,0.1,0,0.717091049,6478.735716,70
3,fedgsl,gnn_fedgsl_gcn,1,citeseer,3,64,0.5,1,0.1,0,0.748680374,2710.369632,70
4,fedgsl,gnn_fedgsl_gcn,1,citeseer,3,64,0.5,1,0.1,0,0.712643476,4868.08876,70
,,,,,,,,,,,0.72055496,70 平均值,70
0,fedgsl,gnn_fedgsl_gcn,1,citeseer,3,64,0.5,1,0.1,0,0.674819094,3836.850702,71
1,fedgsl,gnn_fedgsl_gcn,1,citeseer,3,64,0.5,1,0.1,0,0.724831479,1981.199306,71
2,fedgsl,gnn_fedgsl_gcn,1,citeseer,3,64,0.5,1,0.1,0,0.723490208,2923.856119,71
3,fedgsl,gnn_fedgsl_gcn,1,citeseer,3,64,0.5,1,0.1,0,0.728472457,6246.764919,71
4,fedgsl,gnn_fedgsl_gcn,1,citeseer,3,64,0.5,1,0.1,0,0.685638906,8933.350022,71
,,,,,,,,,,,0.707450429,71 平均值,71
0,fedgsl,gnn_fedgsl_gcn,1,citeseer,3,64,0.5,1,0.1,0.0005,0.728710315,364.8828103,72
1,fedgsl,gnn_fedgsl_gcn,1,citeseer,3,64,0.5,1,0.1,0.0005,0.650283544,723.8893723,72
2,fedgsl,gnn_fedgsl_gcn,1,citeseer,3,64,0.5,1,0.1,0.0005,0.667061376,497.8047889,72
3,fedgsl,gnn_fedgsl_gcn,1,citeseer,3,64,0.5,1,0.1,0.0005,0.681595922,412.5898708,72
4,fedgsl,gnn_fedgsl_gcn,1,citeseer,3,64,0.5,1,0.1,0.0005,0.638806579,1897.107391,72
,,,,,,,,,,,0.673291547,72 平均值,72
0,fedgsl,gnn_fedgsl_gcn,1,citeseer,3,64,0.5,1,0.1,0.0005,0.669670161,980.818608,73
1,fedgsl,gnn_fedgsl_gcn,1,citeseer,3,64,0.5,1,0.1,0.0005,0.66877515,1253.460393,73
2,fedgsl,gnn_fedgsl_gcn,1,citeseer,3,64,0.5,1,0.1,0.0005,0.61547249,1137.888487,73
3,fedgsl,gnn_fedgsl_gcn,1,citeseer,3,64,0.5,1,0.1,0.0005,0.724512815,442.7961793,73
4,fedgsl,gnn_fedgsl_gcn,1,citeseer,3,64,0.5,1,0.1,0.0005,0.744066116,775.2205954,73
,,,,,,,,,,,0.684499346,73 平均值,73
0,fedgsl,gnn_fedgsl_gcn,1,citeseer,3,64,0.5,1,0.1,0.0005,0.595124808,879.244561,74
1,fedgsl,gnn_fedgsl_gcn,1,citeseer,3,64,0.5,1,0.1,0.0005,0.554632682,2588.173332,74
2,fedgsl,gnn_fedgsl_gcn,1,citeseer,3,64,0.5,1,0.1,0.0005,0.640799883,2193.918353,74
3,fedgsl,gnn_fedgsl_gcn,1,citeseer,3,64,0.5,1,0.1,0.0005,0.649741773,1324.364666,74
4,fedgsl,gnn_fedgsl_gcn,1,citeseer,3,64,0.5,1,0.1,0.0005,0.659320991,1670.316632,74
,,,,,,,,,,,0.619924027,74 平均值,74
0,fedgsl,gnn_fedgsl_gcn,1,citeseer,3,64,0.5,1,0.1,0.0005,0.603742961,2463.746156,75
1,fedgsl,gnn_fedgsl_gcn,1,citeseer,3,64,0.5,1,0.1,0.0005,0.640299783,1837.29798,75
2,fedgsl,gnn_fedgsl_gcn,1,citeseer,3,64,0.5,1,0.1,0.0005,0.622489713,1725.686897,75
3,fedgsl,gnn_fedgsl_gcn,1,citeseer,3,64,0.5,1,0.1,0.0005,0.586795862,962.7382482,75
4,fedgsl,gnn_fedgsl_gcn,1,citeseer,3,64,0.5,1,0.1,0.0005,0.595639659,2429.019216,75
,,,,,,,,,,,0.609793595,75 平均值,75
0,fedgsl,gnn_fedgsl_gcn,1,citeseer,3,64,0.5,1,0.1,0.0005,0.629698004,716.4498217,76
1,fedgsl,gnn_fedgsl_gcn,1,citeseer,3,64,0.5,1,0.1,0.0005,0.6273835,1043.240135,76
2,fedgsl,gnn_fedgsl_gcn,1,citeseer,3,64,0.5,1,0.1,0.0005,0.626586582,500.4876466,76
3,fedgsl,gnn_fedgsl_gcn,1,citeseer,3,64,0.5,1,0.1,0.0005,0.628121458,1126.183951,76
4,fedgsl,gnn_fedgsl_gcn,1,citeseer,3,64,0.5,1,0.1,0.0005,0.593533511,1011.313918,76
,,,,,,,,,,,0.621064611,76 平均值,76
0,fedgsl,gnn_fedgsl_gcn,1,citeseer,3,64,0.5,1,0.1,0.0005,0.623311013,1164.116164,77
1,fedgsl,gnn_fedgsl_gcn,1,citeseer,3,64,0.5,1,0.1,0.0005,0.645235241,1093.273124,77
2,fedgsl,gnn_fedgsl_gcn,1,citeseer,3,64,0.5,1,0.1,0.0005,0.734136241,817.3253144,77
3,fedgsl,gnn_fedgsl_gcn,1,citeseer,3,64,0.5,1,0.1,0.0005,0.651747246,1293.055845,77
4,fedgsl,gnn_fedgsl_gcn,1,citeseer,3,64,0.5,1,0.1,0.0005,0.625723611,1242.037851,77
,,,,,,,,,,,0.65603067,77 平均值,77
0,fedgsl,gnn_fedgsl_gcn,1,citeseer,3,64,0.5,1,0.1,0.0005,0.590704201,1125.285568,78
1,fedgsl,gnn_fedgsl_gcn,1,citeseer,3,64,0.5,1,0.1,0.0005,0.551205179,1762.179044,78
2,fedgsl,gnn_fedgsl_gcn,1,citeseer,3,64,0.5,1,0.1,0.0005,0.56817666,3196.392097,78
3,fedgsl,gnn_fedgsl_gcn,1,citeseer,3,64,0.5,1,0.1,0.0005,0.565474901,4167.619472,78
4,fedgsl,gnn_fedgsl_gcn,1,citeseer,3,64,0.5,1,0.1,0.0005,0.547326297,911.4190231,78
,,,,,,,,,,,0.564577447,78 平均值,78
0,fedgsl,gnn_fedgsl_gcn,1,citeseer,3,64,0.5,1,0.1,0.0005,0.582547013,1318.941414,79
1,fedgsl,gnn_fedgsl_gcn,1,citeseer,3,64,0.5,1,0.1,0.0005,0.659683863,3664.306854,79
2,fedgsl,gnn_fedgsl_gcn,1,citeseer,3,64,0.5,1,0.1,0.0005,0.701453136,1193.931785,79
3,fedgsl,gnn_fedgsl_gcn,1,citeseer,3,64,0.5,1,0.1,0.0005,0.596353233,954.9831865,79
4,fedgsl,gnn_fedgsl_gcn,1,citeseer,3,64,0.5,1,0.1,0.0005,0.61428578,1213.227313,79
,,,,,,,,,,,0.630864605,79 平均值,79
0,fedgsl,gnn_fedgsl_gcn,1,citeseer,3,64,0.5,1,0.25,0,0.584424935,11226.03291,80
1,fedgsl,gnn_fedgsl_gcn,1,citeseer,3,64,0.5,1,0.25,0,0.64322465,8458.086262,80
2,fedgsl,gnn_fedgsl_gcn,1,citeseer,3,64,0.5,1,0.25,0,0.659267106,12302.34871,80
3,fedgsl,gnn_fedgsl_gcn,1,citeseer,3,64,0.5,1,0.25,0,0.620243845,8117.275476,80
4,fedgsl,gnn_fedgsl_gcn,1,citeseer,3,64,0.5,1,0.25,0,0.686450574,11434.59881,80
,,,,,,,,,,,0.638722222,80 平均值,80
0,fedgsl,gnn_fedgsl_gcn,1,citeseer,3,64,0.5,1,0.25,0,0.623617463,19819.23299,81
1,fedgsl,gnn_fedgsl_gcn,1,citeseer,3,64,0.5,1,0.25,0,0.680325825,17158.46556,81
2,fedgsl,gnn_fedgsl_gcn,1,citeseer,3,64,0.5,1,0.25,0,0.702208382,13783.21082,81
3,fedgsl,gnn_fedgsl_gcn,1,citeseer,3,64,0.5,1,0.25,0,0.623676467,10439.84661,81
4,fedgsl,gnn_fedgsl_gcn,1,citeseer,3,64,0.5,1,0.25,0,0.666531819,23614.68021,81
,,,,,,,,,,,0.659271991,81 平均值,81
0,fedgsl,gnn_fedgsl_gcn,1,citeseer,3,64,0.5,1,0.25,0,0.643548432,62717.24797,82
1,fedgsl,gnn_fedgsl_gcn,1,citeseer,3,64,0.5,1,0.25,0,0.601928556,57748.59251,82
2,fedgsl,gnn_fedgsl_gcn,1,citeseer,3,64,0.5,1,0.25,0,0.655027934,134262.4572,82
3,fedgsl,gnn_fedgsl_gcn,1,citeseer,3,64,0.5,1,0.25,0,0.569348619,30804.87632,82
4,fedgsl,gnn_fedgsl_gcn,1,citeseer,3,64,0.5,1,0.25,0,0.538276681,75289.16065,82
,,,,,,,,,,,0.601626044,82 平均值,82
0,fedgsl,gnn_fedgsl_gcn,1,citeseer,3,64,0.5,1,0.25,0,0.456942377,17249.50671,83
1,fedgsl,gnn_fedgsl_gcn,1,citeseer,3,64,0.5,1,0.25,0,0.652485204,60283.67278,83
2,fedgsl,gnn_fedgsl_gcn,1,citeseer,3,64,0.5,1,0.25,0,0.672350119,39059.73177,83
3,fedgsl,gnn_fedgsl_gcn,1,citeseer,3,64,0.5,1,0.25,0,0.560652288,23794.82672,83
4,fedgsl,gnn_fedgsl_gcn,1,citeseer,3,64,0.5,1,0.25,0,0.691832247,30330.90746,83
,,,,,,,,,,,0.606852447,83 平均值,83
0,fedgsl,gnn_fedgsl_gcn,1,citeseer,3,64,0.5,1,0.25,0,0.666635032,11406.31838,84
1,fedgsl,gnn_fedgsl_gcn,1,citeseer,3,64,0.5,1,0.25,0,0.697371017,8917.980783,84
2,fedgsl,gnn_fedgsl_gcn,1,citeseer,3,64,0.5,1,0.25,0,0.6563102,51957.9027,84
3,fedgsl,gnn_fedgsl_gcn,1,citeseer,3,64,0.5,1,0.25,0,0.658583033,26162.57528,84
4,fedgsl,gnn_fedgsl_gcn,1,citeseer,3,64,0.5,1,0.25,0,0.648655694,22676.31325,84
,,,,,,,,,,,0.665510995,84 平均值,84
0,fedgsl,gnn_fedgsl_gcn,1,citeseer,3,64,0.5,1,0.25,0,0.483703969,7747.29414,85
1,fedgsl,gnn_fedgsl_gcn,1,citeseer,3,64,0.5,1,0.25,0,0.690915435,12993.41773,85
2,fedgsl,gnn_fedgsl_gcn,1,citeseer,3,64,0.5,1,0.25,0,0.587776752,7914.010299,85
3,fedgsl,gnn_fedgsl_gcn,1,citeseer,3,64,0.5,1,0.25,0,0.68300832,9128.403918,85
4,fedgsl,gnn_fedgsl_gcn,1,citeseer,3,64,0.5,1,0.25,0,0.717230813,25456.72305,85
,,,,,,,,,,,0.632527058,85 平均值,85
0,fedgsl,gnn_fedgsl_gcn,1,citeseer,3,64,0.5,1,0.25,0,0.64766259,57494.48004,86
1,fedgsl,gnn_fedgsl_gcn,1,citeseer,3,64,0.5,1,0.25,0,0.611959107,183417.458,86
2,fedgsl,gnn_fedgsl_gcn,1,citeseer,3,64,0.5,1,0.25,0,0.666529237,34838.90926,86
3,fedgsl,gnn_fedgsl_gcn,1,citeseer,3,64,0.5,1,0.25,0,0.675669896,113885.4858,86
4,fedgsl,gnn_fedgsl_gcn,1,citeseer,3,64,0.5,1,0.25,0,0.651163804,21615.61587,86
,,,,,,,,,,,0.650596927,86 平均值,86
0,fedgsl,gnn_fedgsl_gcn,1,citeseer,3,64,0.5,1,0.25,0,0.592655788,60969.10756,87
1,fedgsl,gnn_fedgsl_gcn,1,citeseer,3,64,0.5,1,0.25,0,0.717078835,162131.0084,87
2,fedgsl,gnn_fedgsl_gcn,1,citeseer,3,64,0.5,1,0.25,0,0.690871182,181751.9729,87
3,fedgsl,gnn_fedgsl_gcn,1,citeseer,3,64,0.5,1,0.25,0,0.66237599,35627.33396,87
4,fedgsl,gnn_fedgsl_gcn,1,citeseer,3,64,0.5,1,0.25,0,0.699418161,62857.43043,87
,,,,,,,,,,,0.672479991,87 平均值,87
0,fedgsl,gnn_fedgsl_gcn,1,citeseer,3,64,0.5,1,0.25,0.0005,0.627925271,17438.64705,88
1,fedgsl,gnn_fedgsl_gcn,1,citeseer,3,64,0.5,1,0.25,0.0005,0.59938385,13438.45321,88
2,fedgsl,gnn_fedgsl_gcn,1,citeseer,3,64,0.5,1,0.25,0.0005,0.672362288,4353.74678,88
3,fedgsl,gnn_fedgsl_gcn,1,citeseer,3,64,0.5,1,0.25,0.0005,0.537886889,15954.3537,88
4,fedgsl,gnn_fedgsl_gcn,1,citeseer,3,64,0.5,1,0.25,0.0005,0.616546399,3307.814554,88
,,,,,,,,,,,0.610820939,88 平均值,88
0,fedgsl,gnn_fedgsl_gcn,1,citeseer,3,64,0.5,1,0.25,0.0005,0.658377214,6023.57125,89
1,fedgsl,gnn_fedgsl_gcn,1,citeseer,3,64,0.5,1,0.25,0.0005,0.621052931,8647.301788,89
2,fedgsl,gnn_fedgsl_gcn,1,citeseer,3,64,0.5,1,0.25,0.0005,0.588921835,6373.155607,89
3,fedgsl,gnn_fedgsl_gcn,1,citeseer,3,64,0.5,1,0.25,0.0005,0.507525944,11050.52187,89
4,fedgsl,gnn_fedgsl_gcn,1,citeseer,3,64,0.5,1,0.25,0.0005,0.53818117,3336.207514,89
,,,,,,,,,,,0.582811819,89 平均值,89
0,fedgsl,gnn_fedgsl_gcn,1,citeseer,3,64,0.5,1,0.25,0.0005,0.539269785,79239.9589,90
1,fedgsl,gnn_fedgsl_gcn,1,citeseer,3,64,0.5,1,0.25,0.0005,0.61971678,12569.66729,90
2,fedgsl,gnn_fedgsl_gcn,1,citeseer,3,64,0.5,1,0.25,0.0005,0.607660931,19687.27656,90
3,fedgsl,gnn_fedgsl_gcn,1,citeseer,3,64,0.5,1,0.25,0.0005,0.533917615,22060.01601,90
4,fedgsl,gnn_fedgsl_gcn,1,citeseer,3,64,0.5,1,0.25,0.0005,0.571136148,34857.82176,90
,,,,,,,,,,,0.574340252,90 平均值,90
0,fedgsl,gnn_fedgsl_gcn,1,citeseer,3,64,0.5,1,0.25,0.0005,0.62323984,98365.63267,91
1,fedgsl,gnn_fedgsl_gcn,1,citeseer,3,64,0.5,1,0.25,0.0005,0.528834691,46310.94014,91
2,fedgsl,gnn_fedgsl_gcn,1,citeseer,3,64,0.5,1,0.25,0.0005,0.611750706,15582.97645,91
3,fedgsl,gnn_fedgsl_gcn,1,citeseer,3,64,0.5,1,0.25,0.0005,0.603465968,18398.84886,91
4,fedgsl,gnn_fedgsl_gcn,1,citeseer,3,64,0.5,1,0.25,0.0005,0.553686368,70715.85849,91
,,,,,,,,,,,0.584195515,91 平均值,91
0,fedgsl,gnn_fedgsl_gcn,1,citeseer,3,64,0.5,1,0.25,0.0005,0.581387224,9573.977099,92
1,fedgsl,gnn_fedgsl_gcn,1,citeseer,3,64,0.5,1,0.25,0.0005,0.575593914,4822.618793,92
2,fedgsl,gnn_fedgsl_gcn,1,citeseer,3,64,0.5,1,0.25,0.0005,0.559759814,12084.93537,92
3,fedgsl,gnn_fedgsl_gcn,1,citeseer,3,64,0.5,1,0.25,0.0005,0.655768429,5654.905704,92
4,fedgsl,gnn_fedgsl_gcn,1,citeseer,3,64,0.5,1,0.25,0.0005,0.652639719,9929.205723,92
,,,,,,,,,,,0.60502982,92 平均值,92
0,fedgsl,gnn_fedgsl_gcn,1,citeseer,3,64,0.5,1,0.25,0.0005,0.627118721,21945.94139,93
1,fedgsl,gnn_fedgsl_gcn,1,citeseer,3,64,0.5,1,0.25,0.0005,0.648667863,4649.520199,93
2,fedgsl,gnn_fedgsl_gcn,1,citeseer,3,64,0.5,1,0.25,0.0005,0.54849125,13206.0894,93
3,fedgsl,gnn_fedgsl_gcn,1,citeseer,3,64,0.5,1,0.25,0.0005,0.535849332,16144.85186,93
4,fedgsl,gnn_fedgsl_gcn,1,citeseer,3,64,0.5,1,0.25,0.0005,0.598611315,6070.605304,93
,,,,,,,,,,,0.591747697,93 平均值,93
0,fedgsl,gnn_fedgsl_gcn,1,citeseer,3,64,0.5,1,0.25,0.0005,0.527478715,12871.21853,94
1,fedgsl,gnn_fedgsl_gcn,1,citeseer,3,64,0.5,1,0.25,0.0005,0.568833813,29327.52522,94
2,fedgsl,gnn_fedgsl_gcn,1,citeseer,3,64,0.5,1,0.25,0.0005,0.675655145,12759.37322,94
3,fedgsl,gnn_fedgsl_gcn,1,citeseer,3,64,0.5,1,0.25,0.0005,0.525659797,23391.30657,94
4,fedgsl,gnn_fedgsl_gcn,1,citeseer,3,64,0.5,1,0.25,0.0005,0.633356315,21746.24678,94
,,,,,,,,,,,0.586196757,94 平均值,94
0,fedgsl,gnn_fedgsl_gcn,1,citeseer,3,64,0.5,1,0.25,0.0005,0.560911947,52884.61714,95
1,fedgsl,gnn_fedgsl_gcn,1,citeseer,3,64,0.5,1,0.25,0.0005,0.578817574,28192.54794,95
2,fedgsl,gnn_fedgsl_gcn,1,citeseer,3,64,0.5,1,0.25,0.0005,0.616489977,41745.76532,95
3,fedgsl,gnn_fedgsl_gcn,1,citeseer,3,64,0.5,1,0.25,0.0005,0.635275864,29442.50325,95
4,fedgsl,gnn_fedgsl_gcn,1,citeseer,3,64,0.5,1,0.25,0.0005,0.524190977,20082.47543,95
,,,,,,,,,,,0.583137268,95 平均值,95
0,fedgsl,gnn_fedgsl_gcn,1,citeseer,3,256,0,1,0.01,0,0.786754783,281.0298541,96
1,fedgsl,gnn_fedgsl_gcn,1,citeseer,3,256,0,1,0.01,0,0.769265914,292.4845218,96
2,fedgsl,gnn_fedgsl_gcn,1,citeseer,3,256,0,1,0.01,0,0.774495652,281.1964763,96
3,fedgsl,gnn_fedgsl_gcn,1,citeseer,3,256,0,1,0.01,0,0.758289049,225.5953586,96
4,fedgsl,gnn_fedgsl_gcn,1,citeseer,3,256,0,1,0.01,0,0.777244202,325.873143,96
,,,,,,,,,,,0.77320992,96 平均值,96
0,fedgsl,gnn_fedgsl_gcn,1,citeseer,3,256,0,1,0.01,0,0.778835499,224.5879525,97
1,fedgsl,gnn_fedgsl_gcn,1,citeseer,3,256,0,1,0.01,0,0.769224243,285.9923715,97
2,fedgsl,gnn_fedgsl_gcn,1,citeseer,3,256,0,1,0.01,0,0.743744916,168.5532712,97
3,fedgsl,gnn_fedgsl_gcn,1,citeseer,3,256,0,1,0.01,0,0.765137005,337.8549395,97
4,fedgsl,gnn_fedgsl_gcn,1,citeseer,3,256,0,1,0.01,0,0.786671441,289.5503855,97
,,,,,,,,,,,0.768722621,97 平均值,97
0,fedgsl,gnn_fedgsl_gcn,1,citeseer,3,256,0,1,0.01,0,0.790967035,196.5779814,98
1,fedgsl,gnn_fedgsl_gcn,1,citeseer,3,256,0,1,0.01,0,0.781245515,198.3712673,98
2,fedgsl,gnn_fedgsl_gcn,1,citeseer,3,256,0,1,0.01,0,0.756379133,283.664469,98
3,fedgsl,gnn_fedgsl_gcn,1,citeseer,3,256,0,1,0.01,0,0.788093471,286.1889088,98
4,fedgsl,gnn_fedgsl_gcn,1,citeseer,3,256,0,1,0.01,0,0.769503772,196.3100397,98
,,,,,,,,,,,0.777237785,98 平均值,98
0,fedgsl,gnn_fedgsl_gcn,1,citeseer,3,256,0,1,0.01,0,0.732101266,199.2726032,99
1,fedgsl,gnn_fedgsl_gcn,1,citeseer,3,256,0,1,0.01,0,0.774760431,212.9625889,99
2,fedgsl,gnn_fedgsl_gcn,1,citeseer,3,256,0,1,0.01,0,0.763714974,296.5803462,99
3,fedgsl,gnn_fedgsl_gcn,1,citeseer,3,256,0,1,0.01,0,0.763146283,200.6260293,99
4,fedgsl,gnn_fedgsl_gcn,1,citeseer,3,256,0,1,0.01,0,0.775890763,294.1832776,99
,,,,,,,,,,,0.761922744,99 平均值,99
0,fedgsl,gnn_fedgsl_gcn,1,citeseer,3,256,0,1,0.01,0,0.76386949,264.2637311,100
1,fedgsl,gnn_fedgsl_gcn,1,citeseer,3,256,0,1,0.01,0,0.779963249,289.5126216,100
2,fedgsl,gnn_fedgsl_gcn,1,citeseer,3,256,0,1,0.01,0,0.785808469,213.8339697,100
3,fedgsl,gnn_fedgsl_gcn,1,citeseer,3,256,0,1,0.01,0,0.771958041,279.6920933,100
4,fedgsl,gnn_fedgsl_gcn,1,citeseer,3,256,0,1,0.01,0,0.789515502,212.0748769,100
,,,,,,,,,,,0.77822295,100 平均值,100
0,fedgsl,gnn_fedgsl_gcn,1,citeseer,3,256,0,1,0.01,0,0.770773869,172.2424094,101
1,fedgsl,gnn_fedgsl_gcn,1,citeseer,3,256,0,1,0.01,0,0.739868616,223.1355573,101
2,fedgsl,gnn_fedgsl_gcn,1,citeseer,3,256,0,1,0.01,0,0.765068414,187.9722059,101
3,fedgsl,gnn_fedgsl_gcn,1,citeseer,3,256,0,1,0.01,0,0.75914497,178.6790191,101
4,fedgsl,gnn_fedgsl_gcn,1,citeseer,3,256,0,1,0.01,0,0.763700223,178.8350996,101
,,,,,,,,,,,0.759711218,101 平均值,101
0,fedgsl,gnn_fedgsl_gcn,1,citeseer,3,256,0,1,0.01,0,0.784062656,195.2215085,102
1,fedgsl,gnn_fedgsl_gcn,1,citeseer,3,256,0,1,0.01,0,0.776185043,190.2308763,102
2,fedgsl,gnn_fedgsl_gcn,1,citeseer,3,256,0,1,0.01,0,0.780171606,202.9709225,102
3,fedgsl,gnn_fedgsl_gcn,1,citeseer,3,256,0,1,0.01,0,0.778443125,194.5509628,102
4,fedgsl,gnn_fedgsl_gcn,1,citeseer,3,256,0,1,0.01,0,0.76664496,204.0497368,102
,,,,,,,,,,,0.777101478,102 平均值,102
0,fedgsl,gnn_fedgsl_gcn,1,citeseer,3,256,0,1,0.01,0,0.757622264,186.8696578,103
1,fedgsl,gnn_fedgsl_gcn,1,citeseer,3,256,0,1,0.01,0,0.760326561,232.0812824,103
2,fedgsl,gnn_fedgsl_gcn,1,citeseer,3,256,0,1,0.01,0,0.740773259,239.5738315,103
3,fedgsl,gnn_fedgsl_gcn,1,citeseer,3,256,0,1,0.01,0,0.77608695,283.3406957,103
4,fedgsl,gnn_fedgsl_gcn,1,citeseer,3,256,0,1,0.01,0,0.763254009,286.9403059,103
,,,,,,,,,,,0.759612608,103 平均值,103
0,fedgsl,gnn_fedgsl_gcn,1,citeseer,3,256,0,1,0.01,0.0005,0.782346345,285.9884925,104
1,fedgsl,gnn_fedgsl_gcn,1,citeseer,3,256,0,1,0.01,0.0005,0.765487708,238.9712063,104
2,fedgsl,gnn_fedgsl_gcn,1,citeseer,3,256,0,1,0.01,0.0005,0.773198636,287.4317679,104
3,fedgsl,gnn_fedgsl_gcn,1,citeseer,3,256,0,1,0.01,0.0005,0.762334615,184.5034637,104
4,fedgsl,gnn_fedgsl_gcn,1,citeseer,3,256,0,1,0.01,0.0005,0.777285873,329.1671985,104
,,,,,,,,,,,0.772130635,104 平均值,104
0,fedgsl,gnn_fedgsl_gcn,1,citeseer,3,256,0,1,0.01,0.0005,0.786784285,233.2723598,105
1,fedgsl,gnn_fedgsl_gcn,1,citeseer,3,256,0,1,0.01,0.0005,0.755668095,294.1665826,105
2,fedgsl,gnn_fedgsl_gcn,1,citeseer,3,256,0,1,0.01,0.0005,0.789209052,162.8874429,105
3,fedgsl,gnn_fedgsl_gcn,1,citeseer,3,256,0,1,0.01,0.0005,0.769307585,342.0286059,105
4,fedgsl,gnn_fedgsl_gcn,1,citeseer,3,256,0,1,0.01,0.0005,0.783937642,297.1409243,105
,,,,,,,,,,,0.776981332,105 平均值,105
0,fedgsl,gnn_fedgsl_gcn,1,citeseer,3,256,0,1,0.01,0.0005,0.768888291,208.1212915,106
1,fedgsl,gnn_fedgsl_gcn,1,citeseer,3,256,0,1,0.01,0.0005,0.767927226,208.7260489,106
2,fedgsl,gnn_fedgsl_gcn,1,citeseer,3,256,0,1,0.01,0.0005,0.762069837,290.0533098,106
3,fedgsl,gnn_fedgsl_gcn,1,citeseer,3,256,0,1,0.01,0.0005,0.782723968,293.2712947,106
4,fedgsl,gnn_fedgsl_gcn,1,citeseer,3,256,0,1,0.01,0.0005,0.736100042,207.1394345,106
,,,,,,,,,,,0.763541873,106 平均值,106
0,fedgsl,gnn_fedgsl_gcn,1,citeseer,3,256,0,1,0.01,0.0005,0.731414611,224.1384588,107
1,fedgsl,gnn_fedgsl_gcn,1,citeseer,3,256,0,1,0.01,0.0005,0.758428813,306.9748438,107
2,fedgsl,gnn_fedgsl_gcn,1,citeseer,3,256,0,1,0.01,0.0005,0.76190057,304.2447048,107
3,fedgsl,gnn_fedgsl_gcn,1,citeseer,3,256,0,1,0.01,0.0005,0.775125885,207.1813765,107
4,fedgsl,gnn_fedgsl_gcn,1,citeseer,3,256,0,1,0.01,0.0005,0.778722655,300.1941404,107
,,,,,,,,,,,0.761118507,107 平均值,107
0,fedgsl,gnn_fedgsl_gcn,1,citeseer,3,256,0,1,0.01,0.0005,0.770494339,166.5757658,108
1,fedgsl,gnn_fedgsl_gcn,1,citeseer,3,256,0,1,0.01,0.0005,0.781539796,295.8917834,108
2,fedgsl,gnn_fedgsl_gcn,1,citeseer,3,256,0,1,0.01,0.0005,0.769057558,224.6534229,108
3,fedgsl,gnn_fedgsl_gcn,1,citeseer,3,256,0,1,0.01,0.0005,0.766841147,162.9513015,108
4,fedgsl,gnn_fedgsl_gcn,1,citeseer,3,256,0,1,0.01,0.0005,0.791092048,219.2358133,108
,,,,,,,,,,,0.775804978,108 平均值,108
0,fedgsl,gnn_fedgsl_gcn,1,citeseer,3,256,0,1,0.01,0.0005,0.77441231,171.0526698,109
1,fedgsl,gnn_fedgsl_gcn,1,citeseer,3,256,0,1,0.01,0.0005,0.758065941,196.4860612,109
2,fedgsl,gnn_fedgsl_gcn,1,citeseer,3,256,0,1,0.01,0.0005,0.75890453,203.8973071,109
3,fedgsl,gnn_fedgsl_gcn,1,citeseer,3,256,0,1,0.01,0.0005,0.770675775,160.0736913,109
4,fedgsl,gnn_fedgsl_gcn,1,citeseer,3,256,0,1,0.01,0.0005,0.736100042,221.5104631,109
,,,,,,,,,,,0.75963172,109 平均值,109
0,fedgsl,gnn_fedgsl_gcn,1,citeseer,3,256,0,1,0.01,0.0005,0.775694576,202.266249,110
1,fedgsl,gnn_fedgsl_gcn,1,citeseer,3,256,0,1,0.01,0.0005,0.777663496,196.9353721,110
2,fedgsl,gnn_fedgsl_gcn,1,citeseer,3,256,0,1,0.01,0.0005,0.768971633,215.1602782,110
3,fedgsl,gnn_fedgsl_gcn,1,citeseer,3,256,0,1,0.01,0.0005,0.77191637,200.1184076,110
4,fedgsl,gnn_fedgsl_gcn,1,citeseer,3,256,0,1,0.01,0.0005,0.780620402,209.2043436,110
,,,,,,,,,,,0.774973295,110 平均值,110
0,fedgsl,gnn_fedgsl_gcn,1,citeseer,3,256,0,1,0.01,0.0005,0.745738219,181.1353669,111
1,fedgsl,gnn_fedgsl_gcn,1,citeseer,3,256,0,1,0.01,0.0005,0.766588538,196.5335919,111
2,fedgsl,gnn_fedgsl_gcn,1,citeseer,3,256,0,1,0.01,0.0005,0.760007942,196.4834551,111
3,fedgsl,gnn_fedgsl_gcn,1,citeseer,3,256,0,1,0.01,0.0005,0.774314216,290.812672,111
4,fedgsl,gnn_fedgsl_gcn,1,citeseer,3,256,0,1,0.01,0.0005,0.72907065,245.3158691,111
,,,,,,,,,,,0.755143913,111 平均值,111
0,fedgsl,gnn_fedgsl_gcn,1,citeseer,3,256,0,1,0.1,0,0.702823863,4833.85999,112
1,fedgsl,gnn_fedgsl_gcn,1,citeseer,3,256,0,1,0.1,0,0.685168309,2281.645773,112
2,fedgsl,gnn_fedgsl_gcn,1,citeseer,3,256,0,1,0.1,0,0.697944827,1525.428729,112
3,fedgsl,gnn_fedgsl_gcn,1,citeseer,3,256,0,1,0.1,0,0.688122632,1868.765543,112
4,fedgsl,gnn_fedgsl_gcn,1,citeseer,3,256,0,1,0.1,0,0.689240795,1464.065414,112
,,,,,,,,,,,0.692660085,112 平均值,112
0,fedgsl,gnn_fedgsl_gcn,1,citeseer,3,256,0,1,0.1,0,0.704233725,2888.736079,113
1,fedgsl,gnn_fedgsl_gcn,1,citeseer,3,256,0,1,0.1,0,0.695029593,917.1388807,113
2,fedgsl,gnn_fedgsl_gcn,1,citeseer,3,256,0,1,0.1,0,0.686144125,2950.57388,113
3,fedgsl,gnn_fedgsl_gcn,1,citeseer,3,256,0,1,0.1,0,0.706256485,1203.656123,113
4,fedgsl,gnn_fedgsl_gcn,1,citeseer,3,256,0,1,0.1,0,0.716394762,1209.312031,113
,,,,,,,,,,,0.701611738,113 平均值,113
0,fedgsl,gnn_fedgsl_gcn,1,citeseer,3,256,0,1,0.1,0,0.697706969,3947.828062,114
1,fedgsl,gnn_fedgsl_gcn,1,citeseer,3,256,0,1,0.1,0,0.697944827,2291.153569,114
2,fedgsl,gnn_fedgsl_gcn,1,citeseer,3,256,0,1,0.1,0,0.651176018,24937.44521,114
3,fedgsl,gnn_fedgsl_gcn,1,citeseer,3,256,0,1,0.1,0,0.664291025,5931.987125,114
4,fedgsl,gnn_fedgsl_gcn,1,citeseer,3,256,0,1,0.1,0,0.69162901,5258.006833,114
,,,,,,,,,,,0.68054957,114 平均值,114
0,fedgsl,gnn_fedgsl_gcn,1,citeseer,3,256,0,1,0.1,0,0.730664484,2762.166926,115
1,fedgsl,gnn_fedgsl_gcn,1,citeseer,3,256,0,1,0.1,0,0.701387081,2088.90275,115
2,fedgsl,gnn_fedgsl_gcn,1,citeseer,3,256,0,1,0.1,0,0.595058754,2598.222821,115
3,fedgsl,gnn_fedgsl_gcn,1,citeseer,3,256,0,1,0.1,0,0.653632824,2453.109476,115
4,fedgsl,gnn_fedgsl_gcn,1,citeseer,3,256,0,1,0.1,0,0.715475368,1730.325892,115
,,,,,,,,,,,0.679243702,115 平均值,115
0,fedgsl,gnn_fedgsl_gcn,1,citeseer,3,256,0,1,0.1,0,0.678712726,2953.636916,116
1,fedgsl,gnn_fedgsl_gcn,1,citeseer,3,256,0,1,0.1,0,0.709573726,1865.728389,116
2,fedgsl,gnn_fedgsl_gcn,1,citeseer,3,256,0,1,0.1,0,0.679774422,2137.786339,116
3,fedgsl,gnn_fedgsl_gcn,1,citeseer,3,256,0,1,0.1,0,0.692099607,1107.42131,116
4,fedgsl,gnn_fedgsl_gcn,1,citeseer,3,256,0,1,0.1,0,0.69970281,1508.616293,116
,,,,,,,,,,,0.691972658,116 平均值,116
0,fedgsl,gnn_fedgsl_gcn,1,citeseer,3,256,0,1,0.1,0,0.687402008,1513.648856,117
1,fedgsl,gnn_fedgsl_gcn,1,citeseer,3,256,0,1,0.1,0,0.68075987,2238.73752,117
2,fedgsl,gnn_fedgsl_gcn,1,citeseer,3,256,0,1,0.1,0,0.709671819,1603.892524,117
3,fedgsl,gnn_fedgsl_gcn,1,citeseer,3,256,0,1,0.1,0,0.698528269,1385.278708,117
4,fedgsl,gnn_fedgsl_gcn,1,citeseer,3,256,0,1,0.1,0,0.712923006,1238.684863,117
,,,,,,,,,,,0.697856994,117 平均值,117
0,fedgsl,gnn_fedgsl_gcn,1,citeseer,3,256,0,1,0.1,0,0.613952366,2492.49404,118
1,fedgsl,gnn_fedgsl_gcn,1,citeseer,3,256,0,1,0.1,0,0.661140514,1475.244228,118
2,fedgsl,gnn_fedgsl_gcn,1,citeseer,3,256,0,1,0.1,0,0.675517963,7898.815374,118
3,fedgsl,gnn_fedgsl_gcn,1,citeseer,3,256,0,1,0.1,0,0.703174566,5458.169179,118
4,fedgsl,gnn_fedgsl_gcn,1,citeseer,3,256,0,1,0.1,0,0.69602016,10157.12415,118
,,,,,,,,,,,0.669961114,118 平均值,118
0,fedgsl,gnn_fedgsl_gcn,1,citeseer,3,256,0,1,0.1,0,0.418826251,9880.854506,119
1,fedgsl,gnn_fedgsl_gcn,1,citeseer,3,256,0,1,0.1,0,0.661932313,12484.26603,119
2,fedgsl,gnn_fedgsl_gcn,1,citeseer,3,256,0,1,0.1,0,0.680396998,11763.70976,119
3,fedgsl,gnn_fedgsl_gcn,1,citeseer,3,256,0,1,0.1,0,0.705837191,4319.388302,119
4,fedgsl,gnn_fedgsl_gcn,1,citeseer,3,256,0,1,0.1,0,0.669797756,12028.67108,119
,,,,,,,,,,,0.627358102,119 平均值,119
0,fedgsl,gnn_fedgsl_gcn,1,citeseer,3,256,0,1,0.1,0.0005,0.692374018,6567.659627,120
1,fedgsl,gnn_fedgsl_gcn,1,citeseer,3,256,0,1,0.1,0.0005,0.664133972,13409.54618,120
2,fedgsl,gnn_fedgsl_gcn,1,citeseer,3,256,0,1,0.1,0.0005,0.709264694,11257.9129,120
3,fedgsl,gnn_fedgsl_gcn,1,citeseer,3,256,0,1,0.1,0.0005,0.682279994,9677.14248,120
4,fedgsl,gnn_fedgsl_gcn,1,citeseer,3,256,0,1,0.1,0.0005,0.717495592,4645.204948,120
,,,,,,,,,,,0.693109654,120 平均值,120
0,fedgsl,gnn_fedgsl_gcn,1,citeseer,3,256,0,1,0.1,0.0005,0.702377649,5187.639942,121
1,fedgsl,gnn_fedgsl_gcn,1,citeseer,3,256,0,1,0.1,0.0005,0.69522578,8468.451528,121
2,fedgsl,gnn_fedgsl_gcn,1,citeseer,3,256,0,1,0.1,0.0005,0.685121518,19239.48506,121
3,fedgsl,gnn_fedgsl_gcn,1,citeseer,3,256,0,1,0.1,0.0005,0.704844087,7603.114992,121
4,fedgsl,gnn_fedgsl_gcn,1,citeseer,3,256,0,1,0.1,0.0005,0.666139445,19074.79711,121
,,,,,,,,,,,0.690741696,121 平均值,121
0,fedgsl,gnn_fedgsl_gcn,1,citeseer,3,256,0,1,0.1,0.0005,0.751203234,5252.311995,122
1,fedgsl,gnn_fedgsl_gcn,1,citeseer,3,256,0,1,0.1,0.0005,0.691623891,24918.36114,122
2,fedgsl,gnn_fedgsl_gcn,1,citeseer,3,256,0,1,0.1,0.0005,0.711790137,8154.901405,122
3,fedgsl,gnn_fedgsl_gcn,1,citeseer,3,256,0,1,0.1,0.0005,0.729489944,12025.65488,122
4,fedgsl,gnn_fedgsl_gcn,1,citeseer,3,256,0,1,0.1,0.0005,0.68216715,30494.72558,122
,,,,,,,,,,,0.713254871,122 平均值,122
0,fedgsl,gnn_fedgsl_gcn,1,citeseer,3,256,0,1,0.1,0.0005,0.657595048,34028.98118,123
1,fedgsl,gnn_fedgsl_gcn,1,citeseer,3,256,0,1,0.1,0.0005,0.699768864,21818.36743,123
2,fedgsl,gnn_fedgsl_gcn,1,citeseer,3,256,0,1,0.1,0.0005,0.7107874,8109.278117,123
3,fedgsl,gnn_fedgsl_gcn,1,citeseer,3,256,0,1,0.1,0.0005,0.692543285,58788.66328,123
4,fedgsl,gnn_fedgsl_gcn,1,citeseer,3,256,0,1,0.1,0.0005,0.679126902,53941.79343,123
,,,,,,,,,,,0.6879643,123 平均值,123
0,fedgsl,gnn_fedgsl_gcn,1,citeseer,3,256,0,1,0.1,0.0005,0.691552717,5103.531071,124
1,fedgsl,gnn_fedgsl_gcn,1,citeseer,3,256,0,1,0.1,0.0005,0.735433258,1054.846183,124
2,fedgsl,gnn_fedgsl_gcn,1,citeseer,3,256,0,1,0.1,0.0005,0.713898822,1427.366157,124
3,fedgsl,gnn_fedgsl_gcn,1,citeseer,3,256,0,1,0.1,0.0005,0.701499926,6412.369341,124
4,fedgsl,gnn_fedgsl_gcn,1,citeseer,3,256,0,1,0.1,0.0005,0.723811409,3088.304955,124
,,,,,,,,,,,0.713239226,124 平均值,124
0,fedgsl,gnn_fedgsl_gcn,1,citeseer,3,256,0,1,0.1,0.0005,0.755332143,2575.020723,125
1,fedgsl,gnn_fedgsl_gcn,1,citeseer,3,256,0,1,0.1,0.0005,0.690326874,4661.801434,125
2,fedgsl,gnn_fedgsl_gcn,1,citeseer,3,256,0,1,0.1,0.0005,0.687313546,3422.016876,125
3,fedgsl,gnn_fedgsl_gcn,1,citeseer,3,256,0,1,0.1,0.0005,0.689086279,8612.340186,125
4,fedgsl,gnn_fedgsl_gcn,1,citeseer,3,256,0,1,0.1,0.0005,0.688348322,8149.657907,125
,,,,,,,,,,,0.702081433,125 平均值,125
0,fedgsl,gnn_fedgsl_gcn,1,citeseer,3,256,0,1,0.1,0.0005,0.698834719,8424.320818,126
1,fedgsl,gnn_fedgsl_gcn,1,citeseer,3,256,0,1,0.1,0.0005,0.678008739,20936.6679,126
2,fedgsl,gnn_fedgsl_gcn,1,citeseer,3,256,0,1,0.1,0.0005,0.684957371,27119.35586,126
3,fedgsl,gnn_fedgsl_gcn,1,citeseer,3,256,0,1,0.1,0.0005,0.688652234,29031.25925,126
4,fedgsl,gnn_fedgsl_gcn,1,citeseer,3,256,0,1,0.1,0.0005,0.664791125,60508.67256,126
,,,,,,,,,,,0.683048837,126 平均值,126
0,fedgsl,gnn_fedgsl_gcn,1,citeseer,3,256,0,1,0.1,0.0005,0.687887356,23619.09351,127
1,fedgsl,gnn_fedgsl_gcn,1,citeseer,3,256,0,1,0.1,0.0005,0.700869694,20222.24334,127
2,fedgsl,gnn_fedgsl_gcn,1,citeseer,3,256,0,1,0.1,0.0005,0.710115497,15041.56881,127
3,fedgsl,gnn_fedgsl_gcn,1,citeseer,3,256,0,1,0.1,0.0005,0.692920908,5172.849827,127
4,fedgsl,gnn_fedgsl_gcn,1,citeseer,3,256,0,1,0.1,0.0005,0.705292883,21418.04247,127
,,,,,,,,,,,0.699417267,127 平均值,127
0,fedgsl,gnn_fedgsl_gcn,1,citeseer,3,256,0,1,0.25,0,0.656994273,4356.611191,128
1,fedgsl,gnn_fedgsl_gcn,1,citeseer,3,256,0,1,0.25,0,0.57902593,5234.551394,128
2,fedgsl,gnn_fedgsl_gcn,1,citeseer,3,256,0,1,0.25,0,0.532703941,6199.751827,128
3,fedgsl,gnn_fedgsl_gcn,1,citeseer,3,256,0,1,0.25,0,0.542699871,6763.95814,128
4,fedgsl,gnn_fedgsl_gcn,1,citeseer,3,256,0,1,0.25,0,0.582809255,14663.94476,128
,,,,,,,,,,,0.578846654,128 平均值,128
0,fedgsl,gnn_fedgsl_gcn,1,citeseer,3,256,0,1,0.25,0,0.615909117,162938.7056,129
1,fedgsl,gnn_fedgsl_gcn,1,citeseer,3,256,0,1,0.25,0,0.686099872,8465.759557,129
2,fedgsl,gnn_fedgsl_gcn,1,citeseer,3,256,0,1,0.25,0,0.673924083,7429.795314,129
3,fedgsl,gnn_fedgsl_gcn,1,citeseer,3,256,0,1,0.25,0,0.667787165,37411.33673,129
4,fedgsl,gnn_fedgsl_gcn,1,citeseer,3,256,0,1,0.25,0,0.68413607,12236.55205,129
,,,,,,,,,,,0.665571261,129 平均值,129
0,fedgsl,gnn_fedgsl_gcn,1,citeseer,3,256,0,1,0.25,0,0.449660375,6526.012978,130
1,fedgsl,gnn_fedgsl_gcn,1,citeseer,3,256,0,1,0.25,0,0.269176487,3207.202976,130
2,fedgsl,gnn_fedgsl_gcn,1,citeseer,3,256,0,1,0.25,0,0.526686917,644935.9133,130
3,fedgsl,gnn_fedgsl_gcn,1,citeseer,3,256,0,1,0.25,0,0.561402415,45302.41212,130
4,fedgsl,gnn_fedgsl_gcn,1,citeseer,3,256,0,1,0.25,0,0.349147765,6793.34175,130
,,,,,,,,,,,0.431214792,130 平均值,130
0,fedgsl,gnn_fedgsl_gcn,1,citeseer,3,256,0,1,0.25,0,0.631166825,99963.21012,131
1,fedgsl,gnn_fedgsl_gcn,1,citeseer,3,256,0,1,0.25,0,0.5737276,29909.69659,131
2,fedgsl,gnn_fedgsl_gcn,1,citeseer,3,256,0,1,0.25,0,0.468777049,456650.6367,131
3,fedgsl,gnn_fedgsl_gcn,1,citeseer,3,256,0,1,0.25,0,0.652252464,34738.6904,131
4,fedgsl,gnn_fedgsl_gcn,1,citeseer,3,256,0,1,0.25,0,0.636060612,28475.14772,131
,,,,,,,,,,,0.59239691,131 平均值,131
0,fedgsl,gnn_fedgsl_gcn,1,citeseer,3,256,0,1,0.25,0,0.566369912,2988.144754,132
1,fedgsl,gnn_fedgsl_gcn,1,citeseer,3,256,0,1,0.25,0,0.54013022,5041.105096,132
2,fedgsl,gnn_fedgsl_gcn,1,citeseer,3,256,0,1,0.25,0,0.581946283,6939.888501,132
3,fedgsl,gnn_fedgsl_gcn,1,citeseer,3,256,0,1,0.25,0,0.590245772,13620.21524,132
4,fedgsl,gnn_fedgsl_gcn,1,citeseer,3,256,0,1,0.25,0,0.544771397,7206.727623,132
,,,,,,,,,,,0.564692717,132 平均值,132
0,fedgsl,gnn_fedgsl_gcn,1,citeseer,3,256,0,1,0.25,0,0.611652613,6080.988754,133
1,fedgsl,gnn_fedgsl_gcn,1,citeseer,3,256,0,1,0.25,0,0.547355799,68768.00715,133
2,fedgsl,gnn_fedgsl_gcn,1,citeseer,3,256,0,1,0.25,0,0.57440204,4065.200576,133
3,fedgsl,gnn_fedgsl_gcn,1,citeseer,3,256,0,1,0.25,0,0.691665562,22899.80143,133
4,fedgsl,gnn_fedgsl_gcn,1,citeseer,3,256,0,1,0.25,0,0.678234428,104640.1925,133
,,,,,,,,,,,0.620662088,133 平均值,133
0,fedgsl,gnn_fedgsl_gcn,1,citeseer,3,256,0,1,0.25,0,0.558626945,37309.00147,134
1,fedgsl,gnn_fedgsl_gcn,1,citeseer,3,256,0,1,0.25,0,0.529038579,22871.50473,134
2,fedgsl,gnn_fedgsl_gcn,1,citeseer,3,256,0,1,0.25,0,0.572501756,105966.6133,134
3,fedgsl,gnn_fedgsl_gcn,1,citeseer,3,256,0,1,0.25,0,0.518171977,34100.61408,134
4,fedgsl,gnn_fedgsl_gcn,1,citeseer,3,256,0,1,0.25,0,0.649685351,41490.06486,134
,,,,,,,,,,,0.565604922,134 平均值,134
0,fedgsl,gnn_fedgsl_gcn,1,citeseer,3,256,0,1,0.25,0,0.666647201,1726871.464,135
1,fedgsl,gnn_fedgsl_gcn,1,citeseer,3,256,0,1,0.25,0,0.700006722,79807.12496,135
2,fedgsl,gnn_fedgsl_gcn,1,citeseer,3,256,0,1,0.25,0,0.480913748,36979.28839,135
3,fedgsl,gnn_fedgsl_gcn,1,citeseer,3,256,0,1,0.25,0,0.64430626,57939.29206,135
4,fedgsl,gnn_fedgsl_gcn,1,citeseer,3,256,0,1,0.25,0,0.580703152,32554.14393,135
,,,,,,,,,,,0.614515417,135 平均值,135
0,fedgsl,gnn_fedgsl_gcn,1,citeseer,3,256,0,1,0.25,0.0005,0.7060898,81535.25609,136
1,fedgsl,gnn_fedgsl_gcn,1,citeseer,3,256,0,1,0.25,0.0005,0.706700163,184152.9874,136
2,fedgsl,gnn_fedgsl_gcn,1,citeseer,3,256,0,1,0.25,0.0005,0.705292883,46429.20815,136
3,fedgsl,gnn_fedgsl_gcn,1,citeseer,3,256,0,1,0.25,0.0005,0.69022878,77759.82459,136
4,fedgsl,gnn_fedgsl_gcn,1,citeseer,3,256,0,1,0.25,0.0005,0.742751811,22368.63612,136
,,,,,,,,,,,0.710212688,136 平均值,136
0,fedgsl,gnn_fedgsl_gcn,1,citeseer,3,256,0,1,0.25,0.0005,0.702559085,44160.60345,137
1,fedgsl,gnn_fedgsl_gcn,1,citeseer,3,256,0,1,0.25,0.0005,0.708220287,13187.33029,137
2,fedgsl,gnn_fedgsl_gcn,1,citeseer,3,256,0,1,0.25,0.0005,0.693923644,13725.24445,137
3,fedgsl,gnn_fedgsl_gcn,1,citeseer,3,256,0,1,0.25,0.0005,0.701190894,109941.0998,137
4,fedgsl,gnn_fedgsl_gcn,1,citeseer,3,256,0,1,0.25,0.0005,0.693634482,35799.79946,137
,,,,,,,,,,,0.699905678,137 平均值,137
0,fedgsl,gnn_fedgsl_gcn,1,citeseer,3,256,0,1,0.25,0.0005,0.692087438,430502.8133,138
1,fedgsl,gnn_fedgsl_gcn,1,citeseer,3,256,0,1,0.25,0.0005,0.66660041,716754.8135,138
2,fedgsl,gnn_fedgsl_gcn,1,citeseer,3,256,0,1,0.25,0.0005,0.674135021,316351.8632,138
3,fedgsl,gnn_fedgsl_gcn,1,citeseer,3,256,0,1,0.25,0.0005,0.672838004,545987.0628,138
4,fedgsl,gnn_fedgsl_gcn,1,citeseer,3,256,0,1,0.25,0.0005,0.704317067,168022.7193,138
,,,,,,,,,,,0.681995588,138 平均值,138
0,fedgsl,gnn_fedgsl_gcn,1,citeseer,3,256,0,1,0.25,0.0005,0.69854302,483875.004,139
1,fedgsl,gnn_fedgsl_gcn,1,citeseer,3,256,0,1,0.25,0.0005,0.678612051,474274.1547,139
2,fedgsl,gnn_fedgsl_gcn,1,citeseer,3,256,0,1,0.25,0.0005,0.714845136,359198.3403,139
3,fedgsl,gnn_fedgsl_gcn,1,citeseer,3,256,0,1,0.25,0.0005,0.736225056,197724.9829,139
4,fedgsl,gnn_fedgsl_gcn,1,citeseer,3,256,0,1,0.25,0.0005,0.695318754,298036.0629,139
,,,,,,,,,,,0.704708803,139 平均值,139
0,fedgsl,gnn_fedgsl_gcn,1,citeseer,3,256,0,1,0.25,0.0005,0.743634653,15329.52537,140
1,fedgsl,gnn_fedgsl_gcn,1,citeseer,3,256,0,1,0.25,0.0005,0.690243531,153014.6288,140
2,fedgsl,gnn_fedgsl_gcn,1,citeseer,3,256,0,1,0.25,0.0005,0.688316282,130116.8156,140
3,fedgsl,gnn_fedgsl_gcn,1,citeseer,3,256,0,1,0.25,0.0005,0.688988186,110450.1686,140
4,fedgsl,gnn_fedgsl_gcn,1,citeseer,3,256,0,1,0.25,0.0005,0.682517853,98277.35091,140
,,,,,,,,,,,0.698740101,140 平均值,140
0,fedgsl,gnn_fedgsl_gcn,1,citeseer,3,256,0,1,0.25,0.0005,0.703252789,28849.07273,141
1,fedgsl,gnn_fedgsl_gcn,1,citeseer,3,256,0,1,0.25,0.0005,0.707940757,58591.16628,141
2,fedgsl,gnn_fedgsl_gcn,1,citeseer,3,256,0,1,0.25,0.0005,0.670006112,163870.2162,141
3,fedgsl,gnn_fedgsl_gcn,1,citeseer,3,256,0,1,0.25,0.0005,0.692486862,67587.02509,141
4,fedgsl,gnn_fedgsl_gcn,1,citeseer,3,256,0,1,0.25,0.0005,0.737232911,44539.06046,141
,,,,,,,,,,,0.702183886,141 平均值,141
0,fedgsl,gnn_fedgsl_gcn,1,citeseer,3,256,0,1,0.25,0.0005,0.684859277,317937.1765,142
1,fedgsl,gnn_fedgsl_gcn,1,citeseer,3,256,0,1,0.25,0.0005,0.706533478,137758.7893,142
2,fedgsl,gnn_fedgsl_gcn,1,citeseer,3,256,0,1,0.25,0.0005,0.685906267,229202.3204,142
3,fedgsl,gnn_fedgsl_gcn,1,citeseer,3,256,0,1,0.25,0.0005,0.709630148,325398.1808,142
4,fedgsl,gnn_fedgsl_gcn,1,citeseer,3,256,0,1,0.25,0.0005,0.702404569,202317.5757,142
,,,,,,,,,,,0.697866748,142 平均值,142
0,fedgsl,gnn_fedgsl_gcn,1,citeseer,3,256,0,1,0.25,0.0005,0.690648075,77342.23529,143
1,fedgsl,gnn_fedgsl_gcn,1,citeseer,3,256,0,1,0.25,0.0005,0.680183478,476815.8881,143
2,fedgsl,gnn_fedgsl_gcn,1,citeseer,3,256,0,1,0.25,0.0005,0.704983852,202663.4979,143
3,fedgsl,gnn_fedgsl_gcn,1,citeseer,3,256,0,1,0.25,0.0005,0.702235302,389753.114,143
4,fedgsl,gnn_fedgsl_gcn,1,citeseer,3,256,0,1,0.25,0.0005,0.691454624,431666.0562,143
,,,,,,,,,,,0.693901066,143 平均值,143
0,fedgsl,gnn_fedgsl_gcn,1,citeseer,3,256,0.5,1,0.01,0,0.79777332,295.3276411,144
1,fedgsl,gnn_fedgsl_gcn,1,citeseer,3,256,0.5,1,0.01,0,0.77886242,303.7355889,144
2,fedgsl,gnn_fedgsl_gcn,1,citeseer,3,256,0.5,1,0.01,0,0.773002449,295.7421318,144
3,fedgsl,gnn_fedgsl_gcn,1,citeseer,3,256,0.5,1,0.01,0,0.781189093,193.1432273,144
4,fedgsl,gnn_fedgsl_gcn,1,citeseer,3,256,0.5,1,0.01,0,0.774132781,233.4243229,144
,,,,,,,,,,,0.780992012,144 平均值,144
0,fedgsl,gnn_fedgsl_gcn,1,citeseer,3,256,0.5,1,0.01,0,0.777173029,290.8637575,145
1,fedgsl,gnn_fedgsl_gcn,1,citeseer,3,256,0.5,1,0.01,0,0.746912759,212.7544288,145
2,fedgsl,gnn_fedgsl_gcn,1,citeseer,3,256,0.5,1,0.01,0,0.759909848,164.8229359,145
3,fedgsl,gnn_fedgsl_gcn,1,citeseer,3,256,0.5,1,0.01,0,0.766546866,346.0372409,145
4,fedgsl,gnn_fedgsl_gcn,1,citeseer,3,256,0.5,1,0.01,0,0.773186467,198.7443801,145
,,,,,,,,,,,0.764745794,145 平均值,145
0,fedgsl,gnn_fedgsl_gcn,1,citeseer,3,256,0.5,1,0.01,0,0.787117655,212.9975529,146
1,fedgsl,gnn_fedgsl_gcn,1,citeseer,3,256,0.5,1,0.01,0,0.77084246,217.9820439,146
2,fedgsl,gnn_fedgsl_gcn,1,citeseer,3,256,0.5,1,0.01,0,0.788274907,155.4922245,146
3,fedgsl,gnn_fedgsl_gcn,1,citeseer,3,256,0.5,1,0.01,0,0.770589851,219.2666833,146
4,fedgsl,gnn_fedgsl_gcn,1,citeseer,3,256,0.5,1,0.01,0,0.772237571,208.1803369,146
,,,,,,,,,,,0.777812489,146 平均值,146
0,fedgsl,gnn_fedgsl_gcn,1,citeseer,3,256,0.5,1,0.01,0,0.775890763,220.6366536,147
1,fedgsl,gnn_fedgsl_gcn,1,citeseer,3,256,0.5,1,0.01,0,0.787034313,231.5305435,147
2,fedgsl,gnn_fedgsl_gcn,1,citeseer,3,256,0.5,1,0.01,0,0.772181148,308.9905439,147
3,fedgsl,gnn_fedgsl_gcn,1,citeseer,3,256,0.5,1,0.01,0,0.788610859,217.9953099,147
4,fedgsl,gnn_fedgsl_gcn,1,citeseer,3,256,0.5,1,0.01,0,0.78912571,307.6809713,147
,,,,,,,,,,,0.782568559,147 平均值,147
0,fedgsl,gnn_fedgsl_gcn,1,citeseer,3,256,0.5,1,0.01,0,0.77078862,160.858492,148
1,fedgsl,gnn_fedgsl_gcn,1,citeseer,3,256,0.5,1,0.01,0,0.758122364,233.1051351,148
2,fedgsl,gnn_fedgsl_gcn,1,citeseer,3,256,0.5,1,0.01,0,0.772811381,232.09301,148
3,fedgsl,gnn_fedgsl_gcn,1,citeseer,3,256,0.5,1,0.01,0,0.773522418,199.515816,148
4,fedgsl,gnn_fedgsl_gcn,1,citeseer,3,256,0.5,1,0.01,0,0.799097257,226.4466349,148
,,,,,,,,,,,0.774868408,148 平均值,148
0,fedgsl,gnn_fedgsl_gcn,1,citeseer,3,256,0.5,1,0.01,0,0.760995927,206.8623031,149
1,fedgsl,gnn_fedgsl_gcn,1,citeseer,3,256,0.5,1,0.01,0,0.761304959,169.1055189,149
2,fedgsl,gnn_fedgsl_gcn,1,citeseer,3,256,0.5,1,0.01,0,0.752029654,222.2134116,149
3,fedgsl,gnn_fedgsl_gcn,1,citeseer,3,256,0.5,1,0.01,0,0.779016935,165.0830246,149
4,fedgsl,gnn_fedgsl_gcn,1,citeseer,3,256,0.5,1,0.01,0,0.772124726,341.7824681,149
,,,,,,,,,,,0.76509444,149 平均值,149
0,fedgsl,gnn_fedgsl_gcn,1,citeseer,3,256,0.5,1,0.01,0,0.777369216,211.5136032,150
1,fedgsl,gnn_fedgsl_gcn,1,citeseer,3,256,0.5,1,0.01,0,0.781834076,209.2020939,150
2,fedgsl,gnn_fedgsl_gcn,1,citeseer,3,256,0.5,1,0.01,0,0.788708953,217.8514673,150
3,fedgsl,gnn_fedgsl_gcn,1,citeseer,3,256,0.5,1,0.01,0,0.774593746,298.9860043,150
4,fedgsl,gnn_fedgsl_gcn,1,citeseer,3,256,0.5,1,0.01,0,0.761596657,212.9174341,150
,,,,,,,,,,,0.77682053,150 平均值,150
0,fedgsl,gnn_fedgsl_gcn,1,citeseer,3,256,0.5,1,0.01,0,0.756339998,229.6123981,151
1,fedgsl,gnn_fedgsl_gcn,1,citeseer,3,256,0.5,1,0.01,0,0.755668095,253.8463337,151
2,fedgsl,gnn_fedgsl_gcn,1,citeseer,3,256,0.5,1,0.01,0,0.760020111,270.5125375,151
3,fedgsl,gnn_fedgsl_gcn,1,citeseer,3,256,0.5,1,0.01,0,0.764955569,189.1218694,151
4,fedgsl,gnn_fedgsl_gcn,1,citeseer,3,256,0.5,1,0.01,0,0.752809283,243.9808,151
,,,,,,,,,,,0.757958611,151 平均值,151
0,fedgsl,gnn_fedgsl_gcn,1,citeseer,3,256,0.5,1,0.01,0.0005,0.796363458,300.3770955,152
1,fedgsl,gnn_fedgsl_gcn,1,citeseer,3,256,0.5,1,0.01,0.0005,0.777452558,255.3008512,152
2,fedgsl,gnn_fedgsl_gcn,1,citeseer,3,256,0.5,1,0.01,0.0005,0.774257794,301.9891399,152
3,fedgsl,gnn_fedgsl_gcn,1,citeseer,3,256,0.5,1,0.01,0.0005,0.765122254,248.7971299,152
4,fedgsl,gnn_fedgsl_gcn,1,citeseer,3,256,0.5,1,0.01,0.0005,0.756756756,193.8011037,152
,,,,,,,,,,,0.773990564,152 平均值,152
0,fedgsl,gnn_fedgsl_gcn,1,citeseer,3,256,0.5,1,0.01,0.0005,0.773002449,350.6828321,153
1,fedgsl,gnn_fedgsl_gcn,1,citeseer,3,256,0.5,1,0.01,0.0005,0.74748145,165.9847483,153
2,fedgsl,gnn_fedgsl_gcn,1,citeseer,3,256,0.5,1,0.01,0.0005,0.770410997,185.0799001,153
3,fedgsl,gnn_fedgsl_gcn,1,citeseer,3,256,0.5,1,0.01,0.0005,0.771678512,350.0232972,153
4,fedgsl,gnn_fedgsl_gcn,1,citeseer,3,256,0.5,1,0.01,0.0005,0.779823485,311.7036886,153
,,,,,,,,,,,0.768479378,153 平均值,153
0,fedgsl,gnn_fedgsl_gcn,1,citeseer,3,256,0.5,1,0.01,0.0005,0.779933747,221.5700939,154
1,fedgsl,gnn_fedgsl_gcn,1,citeseer,3,256,0.5,1,0.01,0.0005,0.764119518,226.9817343,154
2,fedgsl,gnn_fedgsl_gcn,1,citeseer,3,256,0.5,1,0.01,0.0005,0.728011491,253.5900697,154
3,fedgsl,gnn_fedgsl_gcn,1,citeseer,3,256,0.5,1,0.01,0.0005,0.768025319,227.8183966,154
4,fedgsl,gnn_fedgsl_gcn,1,citeseer,3,256,0.5,1,0.01,0.0005,0.737242543,223.747716,154
,,,,,,,,,,,0.755466524,154 平均值,154
0,fedgsl,gnn_fedgsl_gcn,1,citeseer,3,256,0.5,1,0.01,0.0005,0.751274408,233.0565093,155
1,fedgsl,gnn_fedgsl_gcn,1,citeseer,3,256,0.5,1,0.01,0.0005,0.781120502,242.023071,155
2,fedgsl,gnn_fedgsl_gcn,1,citeseer,3,256,0.5,1,0.01,0.0005,0.776253635,314.3057657,155
3,fedgsl,gnn_fedgsl_gcn,1,citeseer,3,256,0.5,1,0.01,0.0005,0.792570501,227.2615043,155
4,fedgsl,gnn_fedgsl_gcn,1,citeseer,3,256,0.5,1,0.01,0.0005,0.785053223,313.3712515,155
,,,,,,,,,,,0.777254454,155 平均值,155
0,fedgsl,gnn_fedgsl_gcn,1,citeseer,3,256,0.5,1,0.01,0.0005,0.770354575,167.9561251,156
1,fedgsl,gnn_fedgsl_gcn,1,citeseer,3,256,0.5,1,0.01,0.0005,0.780242779,306.6921044,156
2,fedgsl,gnn_fedgsl_gcn,1,citeseer,3,256,0.5,1,0.01,0.0005,0.763104612,243.1175232,156
3,fedgsl,gnn_fedgsl_gcn,1,citeseer,3,256,0.5,1,0.01,0.0005,0.76554413,165.4166405,156
4,fedgsl,gnn_fedgsl_gcn,1,citeseer,3,256,0.5,1,0.01,0.0005,0.795164535,236.0349384,156
,,,,,,,,,,,0.774882126,156 平均值,156
0,fedgsl,gnn_fedgsl_gcn,1,citeseer,3,256,0.5,1,0.01,0.0005,0.764747213,184.5259495,157
1,fedgsl,gnn_fedgsl_gcn,1,citeseer,3,256,0.5,1,0.01,0.0005,0.761956992,173.5292653,157
2,fedgsl,gnn_fedgsl_gcn,1,citeseer,3,256,0.5,1,0.01,0.0005,0.752529753,197.4285054,157
3,fedgsl,gnn_fedgsl_gcn,1,citeseer,3,256,0.5,1,0.01,0.0005,0.781566716,153.4877173,157
4,fedgsl,gnn_fedgsl_gcn,1,citeseer,3,256,0.5,1,0.01,0.0005,0.770827709,345.874307,157
,,,,,,,,,,,0.766325677,157 平均值,157
0,fedgsl,gnn_fedgsl_gcn,1,citeseer,3,256,0.5,1,0.01,0.0005,0.774201372,220.5804881,158
1,fedgsl,gnn_fedgsl_gcn,1,citeseer,3,256,0.5,1,0.01,0.0005,0.773228138,219.797198,158
2,fedgsl,gnn_fedgsl_gcn,1,citeseer,3,256,0.5,1,0.01,0.0005,0.784300514,226.9925858,158
3,fedgsl,gnn_fedgsl_gcn,1,citeseer,3,256,0.5,1,0.01,0.0005,0.764928649,304.5886712,158
4,fedgsl,gnn_fedgsl_gcn,1,citeseer,3,256,0.5,1,0.01,0.0005,0.753213826,177.6003509,158
,,,,,,,,,,,0.7699745,158 平均值,158
0,fedgsl,gnn_fedgsl_gcn,1,citeseer,3,256,0.5,1,0.01,0.0005,0.777229451,165.0875496,159
1,fedgsl,gnn_fedgsl_gcn,1,citeseer,3,256,0.5,1,0.01,0.0005,0.762489131,172.0479346,159
2,fedgsl,gnn_fedgsl_gcn,1,citeseer,3,256,0.5,1,0.01,0.0005,0.768025319,174.6140028,159
3,fedgsl,gnn_fedgsl_gcn,1,citeseer,3,256,0.5,1,0.01,0.0005,0.778722655,304.7267955,159
4,fedgsl,gnn_fedgsl_gcn,1,citeseer,3,256,0.5,1,0.01,0.0005,0.74800847,234.1897521,159
,,,,,,,,,,,0.766895005,159 平均值,159
0,fedgsl,gnn_fedgsl_gcn,1,citeseer,3,256,0.5,1,0.1,0,0.70968657,2930.513819,160
1,fedgsl,gnn_fedgsl_gcn,1,citeseer,3,256,0.5,1,0.1,0,0.727440218,1663.265041,160
2,fedgsl,gnn_fedgsl_gcn,1,citeseer,3,256,0.5,1,0.1,0,0.722073297,1779.800146,160
3,fedgsl,gnn_fedgsl_gcn,1,citeseer,3,256,0.5,1,0.1,0,0.709127511,3611.156822,160
4,fedgsl,gnn_fedgsl_gcn,1,citeseer,3,256,0.5,1,0.1,0,0.714916309,1697.998692,160
,,,,,,,,,,,0.716648781,160 平均值,160
0,fedgsl,gnn_fedgsl_gcn,1,citeseer,3,256,0.5,1,0.1,0,0.717873215,1759.95317,161
1,fedgsl,gnn_fedgsl_gcn,1,citeseer,3,256,0.5,1,0.1,0,0.713339763,1937.572623,161
2,fedgsl,gnn_fedgsl_gcn,1,citeseer,3,256,0.5,1,0.1,0,0.705390977,6002.610054,161
3,fedgsl,gnn_fedgsl_gcn,1,citeseer,3,256,0.5,1,0.1,0,0.724245454,4443.35983,161
4,fedgsl,gnn_fedgsl_gcn,1,citeseer,3,256,0.5,1,0.1,0,0.723046531,4271.017626,161
,,,,,,,,,,,0.716779188,161 平均值,161
0,fedgsl,gnn_fedgsl_gcn,1,citeseer,3,256,0.5,1,0.1,0,0.723980676,9982.797407,162
1,fedgsl,gnn_fedgsl_gcn,1,citeseer,3,256,0.5,1,0.1,0,0.740633494,5962.592935,162
2,fedgsl,gnn_fedgsl_gcn,1,citeseer,3,256,0.5,1,0.1,0,0.722683659,9860.616277,162
3,fedgsl,gnn_fedgsl_gcn,1,citeseer,3,256,0.5,1,0.1,0,0.714874638,3837.396869,162
4,fedgsl,gnn_fedgsl_gcn,1,citeseer,3,256,0.5,1,0.1,0,0.722668908,4394.292961,162
,,,,,,,,,,,0.724968275,162 平均值,162
0,fedgsl,gnn_fedgsl_gcn,1,citeseer,3,256,0.5,1,0.1,0,0.726131032,3858.880565,163
1,fedgsl,gnn_fedgsl_gcn,1,citeseer,3,256,0.5,1,0.1,0,0.71858167,8806.043169,163
2,fedgsl,gnn_fedgsl_gcn,1,citeseer,3,256,0.5,1,0.1,0,0.718363682,4802.38932,163
3,fedgsl,gnn_fedgsl_gcn,1,citeseer,3,256,0.5,1,0.1,0,0.70851203,6419.761172,163
4,fedgsl,gnn_fedgsl_gcn,1,citeseer,3,256,0.5,1,0.1,0,0.704317067,6647.367109,163
,,,,,,,,,,,0.715181096,163 平均值,163
0,fedgsl,gnn_fedgsl_gcn,1,citeseer,3,256,0.5,1,0.1,0,0.69854302,703.2609586,164
1,fedgsl,gnn_fedgsl_gcn,1,citeseer,3,256,0.5,1,0.1,0,0.702460991,1233.556547,164
2,fedgsl,gnn_fedgsl_gcn,1,citeseer,3,256,0.5,1,0.1,0,0.69824874,6815.93211,164
3,fedgsl,gnn_fedgsl_gcn,1,citeseer,3,256,0.5,1,0.1,0,0.709671819,986.9498429,164
4,fedgsl,gnn_fedgsl_gcn,1,citeseer,3,256,0.5,1,0.1,0,0.732307085,951.6922485,164
,,,,,,,,,,,0.708246331,164 平均值,164
0,fedgsl,gnn_fedgsl_gcn,1,citeseer,3,256,0.5,1,0.1,0,0.699075159,4123.212217,165
1,fedgsl,gnn_fedgsl_gcn,1,citeseer,3,256,0.5,1,0.1,0,0.72218356,2334.689597,165
2,fedgsl,gnn_fedgsl_gcn,1,citeseer,3,256,0.5,1,0.1,0,0.701416584,4378.328847,165
3,fedgsl,gnn_fedgsl_gcn,1,citeseer,3,256,0.5,1,0.1,0,0.718125824,3734.567252,165
4,fedgsl,gnn_fedgsl_gcn,1,citeseer,3,256,0.5,1,0.1,0,0.732110898,505.5335949,165
,,,,,,,,,,,0.714582405,165 平均值,165
0,fedgsl,gnn_fedgsl_gcn,1,citeseer,3,256,0.5,1,0.1,0,0.729796394,4660.755164,166
1,fedgsl,gnn_fedgsl_gcn,1,citeseer,3,256,0.5,1,0.1,0,0.705459568,3535.440761,166
2,fedgsl,gnn_fedgsl_gcn,1,citeseer,3,256,0.5,1,0.1,0,0.724483313,2622.222741,166
3,fedgsl,gnn_fedgsl_gcn,1,citeseer,3,256,0.5,1,0.1,0,0.738458755,6204.904763,166
4,fedgsl,gnn_fedgsl_gcn,1,citeseer,3,256,0.5,1,0.1,0,0.72607461,4820.948407,166
,,,,,,,,,,,0.724854528,166 平均值,166
0,fedgsl,gnn_fedgsl_gcn,1,citeseer,3,256,0.5,1,0.1,0,0.71883428,4256.39753,167
1,fedgsl,gnn_fedgsl_gcn,1,citeseer,3,256,0.5,1,0.1,0,0.720410826,4203.674806,167
2,fedgsl,gnn_fedgsl_gcn,1,citeseer,3,256,0.5,1,0.1,0,0.734901119,9660.253602,167
3,fedgsl,gnn_fedgsl_gcn,1,citeseer,3,256,0.5,1,0.1,0,0.71523751,6199.457343,167
4,fedgsl,gnn_fedgsl_gcn,1,citeseer,3,256,0.5,1,0.1,0,0.700247162,1675.453338,167
,,,,,,,,,,,0.717926179,167 平均值,167
0,fedgsl,gnn_fedgsl_gcn,1,citeseer,3,256,0.5,1,0.1,0.0005,0.60160026,1426.031837,168
1,fedgsl,gnn_fedgsl_gcn,1,citeseer,3,256,0.5,1,0.1,0.0005,0.649599471,1555.785027,168
2,fedgsl,gnn_fedgsl_gcn,1,citeseer,3,256,0.5,1,0.1,0.0005,0.683339153,1834.290679,168
3,fedgsl,gnn_fedgsl_gcn,1,citeseer,3,256,0.5,1,0.1,0.0005,0.627302694,666.9446127,168
4,fedgsl,gnn_fedgsl_gcn,1,citeseer,3,256,0.5,1,0.1,0.0005,0.639419523,2276.605635,168
,,,,,,,,,,,0.64025222,168 平均值,168
0,fedgsl,gnn_fedgsl_gcn,1,citeseer,3,256,0.5,1,0.1,0.0005,0.617220885,641.9962705,169
1,fedgsl,gnn_fedgsl_gcn,1,citeseer,3,256,0.5,1,0.1,0.0005,0.659499845,995.2808617,169
2,fedgsl,gnn_fedgsl_gcn,1,citeseer,3,256,0.5,1,0.1,0.0005,0.662319568,624.3982754,169
3,fedgsl,gnn_fedgsl_gcn,1,citeseer,3,256,0.5,1,0.1,0.0005,0.711206694,290.7779216,169
4,fedgsl,gnn_fedgsl_gcn,1,citeseer,3,256,0.5,1,0.1,0.0005,0.720214639,1246.226018,169
,,,,,,,,,,,0.674092326,169 平均值,169
0,fedgsl,gnn_fedgsl_gcn,1,citeseer,3,256,0.5,1,0.1,0.0005,0.671916073,1113.626919,170
1,fedgsl,gnn_fedgsl_gcn,1,citeseer,3,256,0.5,1,0.1,0.0005,0.663018391,1921.67554,170
2,fedgsl,gnn_fedgsl_gcn,1,citeseer,3,256,0.5,1,0.1,0.0005,0.645244873,1861.864278,170
3,fedgsl,gnn_fedgsl_gcn,1,citeseer,3,256,0.5,1,0.1,0.0005,0.628680517,4050.087206,170
4,fedgsl,gnn_fedgsl_gcn,1,citeseer,3,256,0.5,1,0.1,0.0005,0.627290525,1721.871606,170
,,,,,,,,,,,0.647230076,170 平均值,170
0,fedgsl,gnn_fedgsl_gcn,1,citeseer,3,256,0.5,1,0.1,0.0005,0.58626626,5808.364607,171
1,fedgsl,gnn_fedgsl_gcn,1,citeseer,3,256,0.5,1,0.1,0.0005,0.579501646,1943.520223,171
2,fedgsl,gnn_fedgsl_gcn,1,citeseer,3,256,0.5,1,0.1,0.0005,0.589377682,3640.457714,171
3,fedgsl,gnn_fedgsl_gcn,1,citeseer,3,256,0.5,1,0.1,0.0005,0.556236148,3624.455528,171
4,fedgsl,gnn_fedgsl_gcn,1,citeseer,3,256,0.5,1,0.1,0.0005,0.548952216,3411.26319,171
,,,,,,,,,,,0.57206679,171 平均值,171
0,fedgsl,gnn_fedgsl_gcn,1,citeseer,3,256,0.5,1,0.1,0.0005,0.661427094,547.9328742,172
1,fedgsl,gnn_fedgsl_gcn,1,citeseer,3,256,0.5,1,0.1,0.0005,0.597368139,843.589764,172
2,fedgsl,gnn_fedgsl_gcn,1,citeseer,3,256,0.5,1,0.1,0.0005,0.668066694,335.7473835,172
3,fedgsl,gnn_fedgsl_gcn,1,citeseer,3,256,0.5,1,0.1,0.0005,0.663854443,1409.397565,172
4,fedgsl,gnn_fedgsl_gcn,1,citeseer,3,256,0.5,1,0.1,0.0005,0.556768287,2469.08869,172
,,,,,,,,,,,0.629496931,172 平均值,172
0,fedgsl,gnn_fedgsl_gcn,1,citeseer,3,256,0.5,1,0.1,0.0005,0.741440043,754.1111532,173
1,fedgsl,gnn_fedgsl_gcn,1,citeseer,3,256,0.5,1,0.1,0.0005,0.662807453,595.0055088,173
2,fedgsl,gnn_fedgsl_gcn,1,citeseer,3,256,0.5,1,0.1,0.0005,0.732851393,761.3468862,173
3,fedgsl,gnn_fedgsl_gcn,1,citeseer,3,256,0.5,1,0.1,0.0005,0.725304613,363.5748499,173
4,fedgsl,gnn_fedgsl_gcn,1,citeseer,3,256,0.5,1,0.1,0.0005,0.708136944,522.8064994,173
,,,,,,,,,,,0.714108089,173 平均值,173
0,fedgsl,gnn_fedgsl_gcn,1,citeseer,3,256,0.5,1,0.1,0.0005,0.554971215,3140.732282,174
1,fedgsl,gnn_fedgsl_gcn,1,citeseer,3,256,0.5,1,0.1,0.0005,0.615803322,3753.105718,174
2,fedgsl,gnn_fedgsl_gcn,1,citeseer,3,256,0.5,1,0.1,0.0005,0.568934443,2095.044408,174
3,fedgsl,gnn_fedgsl_gcn,1,citeseer,3,256,0.5,1,0.1,0.0005,0.616043763,888.5245481,174
4,fedgsl,gnn_fedgsl_gcn,1,citeseer,3,256,0.5,1,0.1,0.0005,0.60547656,2094.62636,174
,,,,,,,,,,,0.592245861,174 平均值,174
0,fedgsl,gnn_fedgsl_gcn,1,citeseer,3,256,0.5,1,0.1,0.0005,0.633628144,2076.726183,175
1,fedgsl,gnn_fedgsl_gcn,1,citeseer,3,256,0.5,1,0.1,0.0005,0.62735658,6183.918496,175
2,fedgsl,gnn_fedgsl_gcn,1,citeseer,3,256,0.5,1,0.1,0.0005,0.654665062,2337.178239,175
3,fedgsl,gnn_fedgsl_gcn,1,citeseer,3,256,0.5,1,0.1,0.0005,0.605974077,1820.41371,175
4,fedgsl,gnn_fedgsl_gcn,1,citeseer,3,256,0.5,1,0.1,0.0005,0.657425781,1934.596319,175
,,,,,,,,,,,0.635809929,175 平均值,175
0,fedgsl,gnn_fedgsl_gcn,1,citeseer,3,256,0.5,1,0.25,0,0.653255201,15388.27373,176
1,fedgsl,gnn_fedgsl_gcn,1,citeseer,3,256,0.5,1,0.25,0,0.604427033,8816.112687,176
2,fedgsl,gnn_fedgsl_gcn,1,citeseer,3,256,0.5,1,0.25,0,0.678124165,26823.48419,176
3,fedgsl,gnn_fedgsl_gcn,1,citeseer,3,256,0.5,1,0.25,0,0.65545686,7658.408817,176
4,fedgsl,gnn_fedgsl_gcn,1,citeseer,3,256,0.5,1,0.25,0,0.671452526,7500.980707,176
,,,,,,,,,,,0.652543157,176 平均值,176
0,fedgsl,gnn_fedgsl_gcn,1,citeseer,3,256,0.5,1,0.25,0,0.560904897,14137.78211,177
1,fedgsl,gnn_fedgsl_gcn,1,citeseer,3,256,0.5,1,0.25,0,0.679587867,13322.04165,177
2,fedgsl,gnn_fedgsl_gcn,1,citeseer,3,256,0.5,1,0.25,0,0.608276413,17552.14462,177
3,fedgsl,gnn_fedgsl_gcn,1,citeseer,3,256,0.5,1,0.25,0,0.638487961,40888.21931,177
4,fedgsl,gnn_fedgsl_gcn,1,citeseer,3,256,0.5,1,0.25,0,0.528143569,6576.060295,177
,,,,,,,,,,,0.603080141,177 平均值,177
0,fedgsl,gnn_fedgsl_gcn,1,citeseer,3,256,0.5,1,0.25,0,0.583370896,122554.7356,178
1,fedgsl,gnn_fedgsl_gcn,1,citeseer,3,256,0.5,1,0.25,0,0.371964467,5868.596165,178
2,fedgsl,gnn_fedgsl_gcn,1,citeseer,3,256,0.5,1,0.25,0,0.649447493,63684.93311,178
3,fedgsl,gnn_fedgsl_gcn,1,citeseer,3,256,0.5,1,0.25,0,0.578959875,24096.11735,178
4,fedgsl,gnn_fedgsl_gcn,1,citeseer,3,256,0.5,1,0.25,0,0.64576738,48089.83025,178
,,,,,,,,,,,0.565902022,178 平均值,178
0,fedgsl,gnn_fedgsl_gcn,1,citeseer,3,256,0.5,1,0.25,0,0.570410359,111788.603,179
1,fedgsl,gnn_fedgsl_gcn,1,citeseer,3,256,0.5,1,0.25,0,0.555123149,4761.695025,179
2,fedgsl,gnn_fedgsl_gcn,1,citeseer,3,256,0.5,1,0.25,0,0.616450888,47173.72881,179
3,fedgsl,gnn_fedgsl_gcn,1,citeseer,3,256,0.5,1,0.25,0,0.694857789,105237.0003,179
4,fedgsl,gnn_fedgsl_gcn,1,citeseer,3,256,0.5,1,0.25,0,0.670187548,42536.1708,179
,,,,,,,,,,,0.621405947,179 平均值,179
0,fedgsl,gnn_fedgsl_gcn,1,citeseer,3,256,0.5,1,0.25,0,0.675458958,20604.00655,180
1,fedgsl,gnn_fedgsl_gcn,1,citeseer,3,256,0.5,1,0.25,0,0.693700537,23015.82696,180
2,fedgsl,gnn_fedgsl_gcn,1,citeseer,3,256,0.5,1,0.25,0,0.653341125,10296.59537,180
3,fedgsl,gnn_fedgsl_gcn,1,citeseer,3,256,0.5,1,0.25,0,0.649280808,8895.753515,180
4,fedgsl,gnn_fedgsl_gcn,1,citeseer,3,256,0.5,1,0.25,0,0.584915403,2991.491552,180
,,,,,,,,,,,0.651339366,180 平均值,180
0,fedgsl,gnn_fedgsl_gcn,1,citeseer,3,256,0.5,1,0.25,0,0.572629307,7191.836423,181
1,fedgsl,gnn_fedgsl_gcn,1,citeseer,3,256,0.5,1,0.25,0,0.707970259,8413.025891,181
2,fedgsl,gnn_fedgsl_gcn,1,citeseer,3,256,0.5,1,0.25,0,0.686408903,13861.08342,181
3,fedgsl,gnn_fedgsl_gcn,1,citeseer,3,256,0.5,1,0.25,0,0.689127951,6736.941266,181
4,fedgsl,gnn_fedgsl_gcn,1,citeseer,3,256,0.5,1,0.25,0,0.704831918,9310.531352,181
,,,,,,,,,,,0.672193668,181 平均值,181
0,fedgsl,gnn_fedgsl_gcn,1,citeseer,3,256,0.5,1,0.25,0,0.570844404,32769.18138,182
1,fedgsl,gnn_fedgsl_gcn,1,citeseer,3,256,0.5,1,0.25,0,0.467232587,6772.157485,182
2,fedgsl,gnn_fedgsl_gcn,1,citeseer,3,256,0.5,1,0.25,0,0.68156642,35973.28755,182
3,fedgsl,gnn_fedgsl_gcn,1,citeseer,3,256,0.5,1,0.25,0,0.629771714,23271.11659,182
4,fedgsl,gnn_fedgsl_gcn,1,citeseer,3,256,0.5,1,0.25,0,0.561218397,56446.70464,182
,,,,,,,,,,,0.582126704,182 平均值,182
0,fedgsl,gnn_fedgsl_gcn,1,citeseer,3,256,0.5,1,0.25,0,0.661525187,58223.13831,183
1,fedgsl,gnn_fedgsl_gcn,1,citeseer,3,256,0.5,1,0.25,0,0.699432912,109875.8444,183
2,fedgsl,gnn_fedgsl_gcn,1,citeseer,3,256,0.5,1,0.25,0,0.689017688,48199.72162,183
3,fedgsl,gnn_fedgsl_gcn,1,citeseer,3,256,0.5,1,0.25,0,0.704662651,76732.01875,183
4,fedgsl,gnn_fedgsl_gcn,1,citeseer,3,256,0.5,1,0.25,0,0.71356287,61962.0129,183
,,,,,,,,,,,0.693640262,183 平均值,183
0,fedgsl,gnn_fedgsl_gcn,1,citeseer,3,256,0.5,1,0.25,0.0005,0.586153415,7609.864188,184
1,fedgsl,gnn_fedgsl_gcn,1,citeseer,3,256,0.5,1,0.25,0.0005,0.56845619,9682.364262,184
2,fedgsl,gnn_fedgsl_gcn,1,citeseer,3,256,0.5,1,0.25,0.0005,0.633701854,5375.141165,184
3,fedgsl,gnn_fedgsl_gcn,1,citeseer,3,256,0.5,1,0.25,0.0005,0.534704294,32130.67544,184
4,fedgsl,gnn_fedgsl_gcn,1,citeseer,3,256,0.5,1,0.25,0.0005,0.643352245,6006.365774,184
,,,,,,,,,,,0.5932736,184 平均值,184
0,fedgsl,gnn_fedgsl_gcn,1,citeseer,3,256,0.5,1,0.25,0.0005,0.589603371,6733.055501,185
1,fedgsl,gnn_fedgsl_gcn,1,citeseer,3,256,0.5,1,0.25,0.0005,0.583461288,27472.48123,185
2,fedgsl,gnn_fedgsl_gcn,1,citeseer,3,256,0.5,1,0.25,0.0005,0.628288143,1910.284073,185
3,fedgsl,gnn_fedgsl_gcn,1,citeseer,3,256,0.5,1,0.25,0.0005,0.575193883,19239.60658,185
4,fedgsl,gnn_fedgsl_gcn,1,citeseer,3,256,0.5,1,0.25,0.0005,0.603867974,25433.13338,185
,,,,,,,,,,,0.596082932,185 平均值,185
0,fedgsl,gnn_fedgsl_gcn,1,citeseer,3,256,0.5,1,0.25,0.0005,0.581982835,67063.92871,186
1,fedgsl,gnn_fedgsl_gcn,1,citeseer,3,256,0.5,1,0.25,0.0005,0.583971626,18314.83484,186
2,fedgsl,gnn_fedgsl_gcn,1,citeseer,3,256,0.5,1,0.25,0.0005,0.588539093,42231.79098,186
3,fedgsl,gnn_fedgsl_gcn,1,citeseer,3,256,0.5,1,0.25,0.0005,0.548177099,55749.66007,186
4,fedgsl,gnn_fedgsl_gcn,1,citeseer,3,256,0.5,1,0.25,0.0005,0.602458113,7050.303873,186
,,,,,,,,,,,0.581025753,186 平均值,186
0,fedgsl,gnn_fedgsl_gcn,1,citeseer,3,256,0.5,1,0.25,0.0005,0.610897366,21129.67155,187
1,fedgsl,gnn_fedgsl_gcn,1,citeseer,3,256,0.5,1,0.25,0.0005,0.599140872,44996.16236,187
2,fedgsl,gnn_fedgsl_gcn,1,citeseer,3,256,0.5,1,0.25,0.0005,0.660522451,34414.88335,187
3,fedgsl,gnn_fedgsl_gcn,1,citeseer,3,256,0.5,1,0.25,0.0005,0.563363679,26346.5371,187
4,fedgsl,gnn_fedgsl_gcn,1,citeseer,3,256,0.5,1,0.25,0.0005,0.591552421,58280.35109,187
,,,,,,,,,,,0.605095358,187 平均值,187
0,fedgsl,gnn_fedgsl_gcn,1,citeseer,3,256,0.5,1,0.25,0.0005,0.659549217,3959.709321,188
1,fedgsl,gnn_fedgsl_gcn,1,citeseer,3,256,0.5,1,0.25,0.0005,0.555152651,9411.928893,188
2,fedgsl,gnn_fedgsl_gcn,1,citeseer,3,256,0.5,1,0.25,0.0005,0.533547042,8919.534337,188
3,fedgsl,gnn_fedgsl_gcn,1,citeseer,3,256,0.5,1,0.25,0.0005,0.611260238,5896.117901,188
4,fedgsl,gnn_fedgsl_gcn,1,citeseer,3,256,0.5,1,0.25,0.0005,0.543241641,15023.29847,188
,,,,,,,,,,,0.580550158,188 平均值,188
0,fedgsl,gnn_fedgsl_gcn,1,citeseer,3,256,0.5,1,0.25,0.0005,0.586170704,3217.176913,189
1,fedgsl,gnn_fedgsl_gcn,1,citeseer,3,256,0.5,1,0.25,0.0005,0.630595597,3556.063024,189
2,fedgsl,gnn_fedgsl_gcn,1,citeseer,3,256,0.5,1,0.25,0.0005,0.664062799,6190.689025,189
3,fedgsl,gnn_fedgsl_gcn,1,citeseer,3,256,0.5,1,0.25,0.0005,0.557175412,4145.812551,189
4,fedgsl,gnn_fedgsl_gcn,1,citeseer,3,256,0.5,1,0.25,0.0005,0.59970505,5367.603684,189
,,,,,,,,,,,0.607541912,189 平均值,189
0,fedgsl,gnn_fedgsl_gcn,1,citeseer,3,256,0.5,1,0.25,0.0005,0.619003205,18163.29138,190
1,fedgsl,gnn_fedgsl_gcn,1,citeseer,3,256,0.5,1,0.25,0.0005,0.601161096,16995.5557,190
2,fedgsl,gnn_fedgsl_gcn,1,citeseer,3,256,0.5,1,0.25,0.0005,0.58264257,37622.67366,190
3,fedgsl,gnn_fedgsl_gcn,1,citeseer,3,256,0.5,1,0.25,0.0005,0.598444631,27109.34123,190
4,fedgsl,gnn_fedgsl_gcn,1,citeseer,3,256,0.5,1,0.25,0.0005,0.569223605,33627.76363,190
,,,,,,,,,,,0.594095021,190 平均值,190
0,fedgsl,gnn_fedgsl_gcn,1,citeseer,3,256,0.5,1,0.25,0.0005,0.508710117,14152.03416,191
1,fedgsl,gnn_fedgsl_gcn,1,citeseer,3,256,0.5,1,0.25,0.0005,0.573046064,65551.05452,191
2,fedgsl,gnn_fedgsl_gcn,1,citeseer,3,256,0.5,1,0.25,0.0005,0.557133741,20471.45244,191
3,fedgsl,gnn_fedgsl_gcn,1,citeseer,3,256,0.5,1,0.25,0.0005,0.576966617,43861.7997,191
4,fedgsl,gnn_fedgsl_gcn,1,citeseer,3,256,0.5,1,0.25,0.0005,0.568622875,45103.3165,191
,,,,,,,,,,,0.556895883,191 平均值,191
,,,,,,,,,,,0.692658392,总平均值,95.5
