seed,method,model,batch_size,datasets,client_num,hidden,dropout,local_updates,lr,weight_decay,test_acc,val_loss,group,
0,fedgsl,gnn_fedgsl_gcn,1,cora,3,256,0.5,1,0.01,0.0005,0.843049424,111.2640531,154,
1,fedgsl,gnn_fedgsl_gcn,1,cora,3,256,0.5,1,0.01,0.0005,0.844592634,117.339716,154,
2,fedgsl,gnn_fedgsl_gcn,1,cora,3,256,0.5,1,0.01,0.0005,0.829428919,96.75972206,154,
3,fedgsl,gnn_fedgsl_gcn,1,cora,3,256,0.5,1,0.01,0.0005,0.8528355,105.1581449,154,
4,fedgsl,gnn_fedgsl_gcn,1,cora,3,256,0.5,1,0.01,0.0005,0.845336148,89.97780287,154,
,,,,,,,,,,,0.843048525,154 平均值,154,0.008498471
0,fedgsl,gnn_fedgsl_gcn,1,cora,3,64,0.5,1,0.01,0.0005,0.846879358,90.40645981,58,
1,fedgsl,gnn_fedgsl_gcn,1,cora,3,64,0.5,1,0.01,0.0005,0.834316981,96.27204177,58,
2,fedgsl,gnn_fedgsl_gcn,1,cora,3,64,0.5,1,0.01,0.0005,0.830703745,117.6229156,58,
3,fedgsl,gnn_fedgsl_gcn,1,cora,3,64,0.5,1,0.01,0.0005,0.853052198,90.15682233,58,
4,fedgsl,gnn_fedgsl_gcn,1,cora,3,64,0.5,1,0.01,0.0005,0.845336148,90.18977749,58,
,,,,,,,,,,,0.842057686,58 平均值,58,
0,fedgsl,gnn_fedgsl_gcn,1,cora,3,64,0.5,1,0.01,0.0005,0.833305082,115.8000588,62,
1,fedgsl,gnn_fedgsl_gcn,1,cora,3,64,0.5,1,0.01,0.0005,0.834631594,118.7001814,62,
2,fedgsl,gnn_fedgsl_gcn,1,cora,3,64,0.5,1,0.01,0.0005,0.839911318,106.0461413,62,
3,fedgsl,gnn_fedgsl_gcn,1,cora,3,64,0.5,1,0.01,0.0005,0.852887186,88.51257461,62,
4,fedgsl,gnn_fedgsl_gcn,1,cora,3,64,0.5,1,0.01,0.0005,0.838358156,89.30557241,62,
,,,,,,,,,,,0.839818667,62 平均值,62,
0,fedgsl,gnn_fedgsl_gcn,1,cora,3,64,0.5,1,0.01,0.0005,0.853000511,87.15524357,59,
1,fedgsl,gnn_fedgsl_gcn,1,cora,3,64,0.5,1,0.01,0.0005,0.847947438,124.71182,59,
2,fedgsl,gnn_fedgsl_gcn,1,cora,3,64,0.5,1,0.01,0.0005,0.837873073,107.23813,59,
3,fedgsl,gnn_fedgsl_gcn,1,cora,3,64,0.5,1,0.01,0.0005,0.830652058,119.8083237,59,
4,fedgsl,gnn_fedgsl_gcn,1,cora,3,64,0.5,1,0.01,0.0005,0.827132243,111.3446481,59,
,,,,,,,,,,,0.839321065,59 平均值,59,
0,fedgsl,gnn_fedgsl_gcn,1,cora,3,64,0,1,0.01,0.0005,0.847947438,91.93770173,10,
1,fedgsl,gnn_fedgsl_gcn,1,cora,3,64,0,1,0.01,0.0005,0.845016077,136.927281,10,
2,fedgsl,gnn_fedgsl_gcn,1,cora,3,64,0,1,0.01,0.0005,0.839642933,99.99836071,10,
3,fedgsl,gnn_fedgsl_gcn,1,cora,3,64,0,1,0.01,0.0005,0.830600372,117.8746398,10,
4,fedgsl,gnn_fedgsl_gcn,1,cora,3,64,0,1,0.01,0.0005,0.832448243,106.9807607,10,
,,,,,,,,,,,0.839131013,10 平均值,10,
0,fedgsl,gnn_fedgsl_gcn,1,cora,3,64,0.5,1,0.01,0.0005,0.830688335,92.54386855,56,
1,fedgsl,gnn_fedgsl_gcn,1,cora,3,64,0.5,1,0.01,0.0005,0.836329864,88.10674755,56,
2,fedgsl,gnn_fedgsl_gcn,1,cora,3,64,0.5,1,0.01,0.0005,0.838358156,93.82838001,56,
3,fedgsl,gnn_fedgsl_gcn,1,cora,3,64,0.5,1,0.01,0.0005,0.843369495,93.72259892,56,
4,fedgsl,gnn_fedgsl_gcn,1,cora,3,64,0.5,1,0.01,0.0005,0.836773211,108.4449952,56,
,,,,,,,,,,,0.837103812,56 平均值,56,
0,fedgsl,gnn_fedgsl_gcn,1,cora,3,256,0.5,1,0.01,0.0005,0.834899979,92.97732241,152,
1,fedgsl,gnn_fedgsl_gcn,1,cora,3,256,0.5,1,0.01,0.0005,0.834786654,88.82704542,152,
2,fedgsl,gnn_fedgsl_gcn,1,cora,3,256,0.5,1,0.01,0.0005,0.834466583,93.14023038,152,
3,fedgsl,gnn_fedgsl_gcn,1,cora,3,256,0.5,1,0.01,0.0005,0.836876584,96.1001461,152,
4,fedgsl,gnn_fedgsl_gcn,1,cora,3,256,0.5,1,0.01,0.0005,0.835178315,108.5334229,152,
,,,,,,,,,,,0.835241623,152 平均值,152,
0,fedgsl,gnn_fedgsl_gcn,1,cora,3,64,0,1,0.01,0.0005,0.823839077,140.8226695,8,
1,fedgsl,gnn_fedgsl_gcn,1,cora,3,64,0,1,0.01,0.0005,0.835220049,95.18153235,8,
2,fedgsl,gnn_fedgsl_gcn,1,cora,3,64,0,1,0.01,0.0005,0.838471481,102.0330254,8,
3,fedgsl,gnn_fedgsl_gcn,1,cora,3,64,0,1,0.01,0.0005,0.83011529,138.9751581,8,
4,fedgsl,gnn_fedgsl_gcn,1,cora,3,64,0,1,0.01,0.0005,0.844262611,99.14414505,8,
,,,,,,,,,,,0.834381702,8 平均值,8,
0,fedgsl,gnn_fedgsl_gcn,1,cora,3,256,0.5,1,0.01,0.0005,0.825970742,112.178008,158,
1,fedgsl,gnn_fedgsl_gcn,1,cora,3,256,0.5,1,0.01,0.0005,0.829108848,112.5902419,158,
2,fedgsl,gnn_fedgsl_gcn,1,cora,3,256,0.5,1,0.01,0.0005,0.83931291,107.7514171,158,
3,fedgsl,gnn_fedgsl_gcn,1,cora,3,256,0.5,1,0.01,0.0005,0.836876584,91.70118655,158,
4,fedgsl,gnn_fedgsl_gcn,1,cora,3,256,0.5,1,0.01,0.0005,0.838739865,96.83937957,158,
,,,,,,,,,,,0.83400179,158 平均值,158,
0,fedgsl,gnn_fedgsl_gcn,1,cora,3,256,0,1,0.01,0.0005,0.83815141,108.288025,111,
1,fedgsl,gnn_fedgsl_gcn,1,cora,3,256,0,1,0.01,0.0005,0.840066377,96.65520981,111,
2,fedgsl,gnn_fedgsl_gcn,1,cora,3,256,0,1,0.01,0.0005,0.845294414,107.3011057,111,
3,fedgsl,gnn_fedgsl_gcn,1,cora,3,256,0,1,0.01,0.0005,0.828633718,126.9630037,111,
4,fedgsl,gnn_fedgsl_gcn,1,cora,3,256,0,1,0.01,0.0005,0.816964458,141.3053774,111,
,,,,,,,,,,,0.833822075,111 平均值,111,
0,fedgsl,gnn_fedgsl_gcn,1,cora,3,64,0.5,1,0.01,0,0.821810785,121.2767703,54,
1,fedgsl,gnn_fedgsl_gcn,1,cora,3,64,0.5,1,0.01,0,0.836928271,92.43654216,54,
2,fedgsl,gnn_fedgsl_gcn,1,cora,3,64,0.5,1,0.01,0,0.832334918,102.2736402,54,
3,fedgsl,gnn_fedgsl_gcn,1,cora,3,64,0.5,1,0.01,0,0.838678226,118.4232315,54,
4,fedgsl,gnn_fedgsl_gcn,1,cora,3,64,0.5,1,0.01,0,0.837336305,93.60444443,54,
,,,,,,,,,,,0.833417701,54 平均值,54,
0,fedgsl,gnn_fedgsl_gcn,1,cora,3,256,0,1,0.01,0.0005,0.825165589,126.4331004,104,
1,fedgsl,gnn_fedgsl_gcn,1,cora,3,256,0,1,0.01,0.0005,0.825495612,146.7231592,104,
2,fedgsl,gnn_fedgsl_gcn,1,cora,3,256,0,1,0.01,0.0005,0.833841851,104.9194675,104,
3,fedgsl,gnn_fedgsl_gcn,1,cora,3,256,0,1,0.01,0.0005,0.839008249,102.5701441,104,
4,fedgsl,gnn_fedgsl_gcn,1,cora,3,256,0,1,0.01,0.0005,0.842884412,105.1620369,104,
,,,,,,,,,,,0.833279143,104 平均值,104,
0,fedgsl,gnn_fedgsl_gcn,1,cora,3,64,0,1,0.01,0.0005,0.82927386,100.3732493,15,
1,fedgsl,gnn_fedgsl_gcn,1,cora,3,64,0,1,0.01,0.0005,0.831823511,92.64255865,15,
2,fedgsl,gnn_fedgsl_gcn,1,cora,3,64,0,1,0.01,0.0005,0.836288129,142.973101,15,
3,fedgsl,gnn_fedgsl_gcn,1,cora,3,64,0,1,0.01,0.0005,0.835281688,90.96391755,15,
4,fedgsl,gnn_fedgsl_gcn,1,cora,3,64,0,1,0.01,0.0005,0.833201709,96.04500922,15,
,,,,,,,,,,,0.833173779,15 平均值,15,
0,fedgsl,gnn_fedgsl_gcn,1,cora,3,256,0.5,1,0.01,0,0.825268962,121.5803866,150,
1,fedgsl,gnn_fedgsl_gcn,1,cora,3,256,0.5,1,0.01,0,0.833841851,91.66041901,150,
2,fedgsl,gnn_fedgsl_gcn,1,cora,3,256,0.5,1,0.01,0,0.830254939,101.4406953,150,
3,fedgsl,gnn_fedgsl_gcn,1,cora,3,256,0.5,1,0.01,0,0.843307856,113.4240806,150,
4,fedgsl,gnn_fedgsl_gcn,1,cora,3,256,0.5,1,0.01,0,0.831240513,132.4238895,150,
,,,,,,,,,,,0.832782824,150 平均值,150,
0,fedgsl,gnn_fedgsl_gcn,1,cora,3,256,0.5,1,0.01,0.0005,0.823622379,120.1240702,153,
1,fedgsl,gnn_fedgsl_gcn,1,cora,3,256,0.5,1,0.01,0.0005,0.824628821,132.1282966,153,
2,fedgsl,gnn_fedgsl_gcn,1,cora,3,256,0.5,1,0.01,0.0005,0.835705132,101.3355887,153,
3,fedgsl,gnn_fedgsl_gcn,1,cora,3,256,0.5,1,0.01,0.0005,0.831926884,93.00516015,153,
4,fedgsl,gnn_fedgsl_gcn,1,cora,3,256,0.5,1,0.01,0.0005,0.844479309,95.75585335,153,
,,,,,,,,,,,0.832072505,153 平均值,153,
0,fedgsl,gnn_fedgsl_gcn,1,cora,3,256,0,1,0.01,0.0005,0.818620993,133.2439368,106,
1,fedgsl,gnn_fedgsl_gcn,1,cora,3,256,0,1,0.01,0.0005,0.836928271,149.627124,106,
2,fedgsl,gnn_fedgsl_gcn,1,cora,3,256,0,1,0.01,0.0005,0.836453141,95.9608838,106,
3,fedgsl,gnn_fedgsl_gcn,1,cora,3,256,0,1,0.01,0.0005,0.818941063,147.2057521,106,
4,fedgsl,gnn_fedgsl_gcn,1,cora,3,256,0,1,0.01,0.0005,0.847349031,101.5490168,106,
,,,,,,,,,,,0.8316585,106 平均值,106,
0,fedgsl,gnn_fedgsl_gcn,1,cora,3,256,0.5,1,0.01,0,0.846714347,94.88348271,144,
1,fedgsl,gnn_fedgsl_gcn,1,cora,3,256,0.5,1,0.01,0,0.824618869,98.76245393,144,
2,fedgsl,gnn_fedgsl_gcn,1,cora,3,256,0.5,1,0.01,0,0.818125958,96.08589579,144,
3,fedgsl,gnn_fedgsl_gcn,1,cora,3,256,0.5,1,0.01,0,0.831380163,106.6762117,144,
4,fedgsl,gnn_fedgsl_gcn,1,cora,3,256,0.5,1,0.01,0,0.836989909,99.43797733,144,
,,,,,,,,,,,0.831565849,144 平均值,144,
0,fedgsl,gnn_fedgsl_gcn,1,cora,3,256,0.5,1,0.01,0.0005,0.828252009,121.8940129,155,
1,fedgsl,gnn_fedgsl_gcn,1,cora,3,256,0.5,1,0.01,0.0005,0.844696007,109.6263029,155,
2,fedgsl,gnn_fedgsl_gcn,1,cora,3,256,0.5,1,0.01,0.0005,0.837248342,104.7165721,155,
3,fedgsl,gnn_fedgsl_gcn,1,cora,3,256,0.5,1,0.01,0.0005,0.825000578,135.7053407,155,
4,fedgsl,gnn_fedgsl_gcn,1,cora,3,256,0.5,1,0.01,0.0005,0.821480762,105.4457097,155,
,,,,,,,,,,,0.831335539,155 平均值,155,
0,fedgsl,gnn_fedgsl_gcn,1,cora,3,64,0,1,0.01,0.0005,0.83136379,108.8447084,14,
1,fedgsl,gnn_fedgsl_gcn,1,cora,3,64,0,1,0.01,0.0005,0.834104778,99.39172288,14,
2,fedgsl,gnn_fedgsl_gcn,1,cora,3,64,0,1,0.01,0.0005,0.841021132,109.9239925,14,
3,fedgsl,gnn_fedgsl_gcn,1,cora,3,64,0,1,0.01,0.0005,0.823890764,123.3821839,14,
4,fedgsl,gnn_fedgsl_gcn,1,cora,3,64,0,1,0.01,0.0005,0.824845518,153.0856709,14,
,,,,,,,,,,,0.831045196,14 平均值,14,
0,fedgsl,gnn_fedgsl_gcn,1,cora,3,64,0.5,1,0.01,0.0005,0.830383674,101.8729336,60,
1,fedgsl,gnn_fedgsl_gcn,1,cora,3,64,0.5,1,0.01,0.0005,0.832515339,97.04163803,60,
2,fedgsl,gnn_fedgsl_gcn,1,cora,3,64,0.5,1,0.01,0.0005,0.825521937,100.669606,60,
3,fedgsl,gnn_fedgsl_gcn,1,cora,3,64,0.5,1,0.01,0.0005,0.843204483,101.812258,60,
4,fedgsl,gnn_fedgsl_gcn,1,cora,3,64,0.5,1,0.01,0.0005,0.823353995,100.5004863,60,
,,,,,,,,,,,0.830995886,60 平均值,60,
0,fedgsl,gnn_fedgsl_gcn,1,cora,3,256,0,1,0.01,0.0005,0.828252009,130.7810519,105,
1,fedgsl,gnn_fedgsl_gcn,1,cora,3,256,0,1,0.01,0.0005,0.851240603,103.7353175,105,
2,fedgsl,gnn_fedgsl_gcn,1,cora,3,256,0,1,0.01,0.0005,0.840066377,95.64952748,105,
3,fedgsl,gnn_fedgsl_gcn,1,cora,3,256,0,1,0.01,0.0005,0.815751271,135.0282504,105,
4,fedgsl,gnn_fedgsl_gcn,1,cora,3,256,0,1,0.01,0.0005,0.817336215,127.0932671,105,
,,,,,,,,,,,0.830529295,105 平均值,105,
0,fedgsl,gnn_fedgsl_gcn,1,cora,3,64,0,1,0.01,0,0.832411966,99.18713417,2,
1,fedgsl,gnn_fedgsl_gcn,1,cora,3,64,0,1,0.01,0,0.840386448,100.3704369,2,
2,fedgsl,gnn_fedgsl_gcn,1,cora,3,64,0,1,0.01,0,0.825433974,135.1648951,2,
3,fedgsl,gnn_fedgsl_gcn,1,cora,3,64,0,1,0.01,0,0.833150023,116.725521,2,
4,fedgsl,gnn_fedgsl_gcn,1,cora,3,64,0,1,0.01,0,0.818889377,145.8357372,2,
,,,,,,,,,,,0.830054357,2 平均值,2,
0,fedgsl,gnn_fedgsl_gcn,1,cora,3,256,0,1,0.01,0.0005,0.829795219,136.5156801,107,
1,fedgsl,gnn_fedgsl_gcn,1,cora,3,256,0,1,0.01,0.0005,0.835854733,107.7520304,107,
2,fedgsl,gnn_fedgsl_gcn,1,cora,3,256,0,1,0.01,0.0005,0.824205377,133.4404875,107,
3,fedgsl,gnn_fedgsl_gcn,1,cora,3,256,0,1,0.01,0.0005,0.83213363,128.441998,107,
4,fedgsl,gnn_fedgsl_gcn,1,cora,3,256,0,1,0.01,0.0005,0.825175541,135.2976045,107,
,,,,,,,,,,,0.8294329,107 平均值,107,
0,fedgsl,gnn_fedgsl_gcn,1,cora,3,64,0,1,0.01,0.0005,0.841341203,97.45761066,12,
1,fedgsl,gnn_fedgsl_gcn,1,cora,3,64,0,1,0.01,0.0005,0.82239924,107.78679,12,
2,fedgsl,gnn_fedgsl_gcn,1,cora,3,64,0,1,0.01,0.0005,0.830688335,143.6086148,12,
3,fedgsl,gnn_fedgsl_gcn,1,cora,3,64,0,1,0.01,0.0005,0.833790165,123.8534966,12,
4,fedgsl,gnn_fedgsl_gcn,1,cora,3,64,0,1,0.01,0.0005,0.817882936,166.3522714,12,
,,,,,,,,,,,0.829220376,12 平均值,12,
0,fedgsl,gnn_fedgsl_gcn,1,cora,3,64,0,1,0.01,0.0005,0.835333374,80.80712561,9,
1,fedgsl,gnn_fedgsl_gcn,1,cora,3,64,0,1,0.01,0.0005,0.835653445,95.9181239,9,
2,fedgsl,gnn_fedgsl_gcn,1,cora,3,64,0,1,0.01,0.0005,0.831710186,112.9173576,9,
3,fedgsl,gnn_fedgsl_gcn,1,cora,3,64,0,1,0.01,0.0005,0.817562865,100.6518232,9,
4,fedgsl,gnn_fedgsl_gcn,1,cora,3,64,0,1,0.01,0.0005,0.825217276,120.1878817,9,
,,,,,,,,,,,0.829095429,9 平均值,9,
0,fedgsl,gnn_fedgsl_gcn,1,cora,3,256,0.5,1,0.01,0.0005,0.82478388,106.6355826,159,
1,fedgsl,gnn_fedgsl_gcn,1,cora,3,256,0.5,1,0.01,0.0005,0.829691846,147.7598381,159,
2,fedgsl,gnn_fedgsl_gcn,1,cora,3,256,0.5,1,0.01,0.0005,0.834476535,101.1781564,159,
3,fedgsl,gnn_fedgsl_gcn,1,cora,3,256,0.5,1,0.01,0.0005,0.822295867,96.79092894,159,
4,fedgsl,gnn_fedgsl_gcn,1,cora,3,256,0.5,1,0.01,0.0005,0.833573467,104.0895576,159,
,,,,,,,,,,,0.828964319,159 平均值,159,
0,fedgsl,gnn_fedgsl_gcn,1,cora,3,256,0.5,1,0.01,0.0005,0.814997804,116.4543335,156,
1,fedgsl,gnn_fedgsl_gcn,1,cora,3,256,0.5,1,0.01,0.0005,0.835385061,102.042491,156,
2,fedgsl,gnn_fedgsl_gcn,1,cora,3,256,0.5,1,0.01,0.0005,0.823018515,159.2731581,156,
3,fedgsl,gnn_fedgsl_gcn,1,cora,3,256,0.5,1,0.01,0.0005,0.83815141,103.8995516,156,
4,fedgsl,gnn_fedgsl_gcn,1,cora,3,256,0.5,1,0.01,0.0005,0.824680507,91.6479239,156,
,,,,,,,,,,,0.827246659,156 平均值,156,
0,fedgsl,gnn_fedgsl_gcn,1,cora,3,64,0,1,0.01,0,0.825909104,126.066865,0,
1,fedgsl,gnn_fedgsl_gcn,1,cora,3,64,0,1,0.01,0,0.823839077,127.9859023,0,
2,fedgsl,gnn_fedgsl_gcn,1,cora,3,64,0,1,0.01,0,0.824618869,95.0727058,0,
3,fedgsl,gnn_fedgsl_gcn,1,cora,3,64,0,1,0.01,0,0.837501316,99.27178942,0,
4,fedgsl,gnn_fedgsl_gcn,1,cora,3,64,0,1,0.01,0,0.823622379,95.34680527,0,
,,,,,,,,,,,0.827098149,0 平均值,0,
0,fedgsl,gnn_fedgsl_gcn,1,cora,3,64,0,1,0.01,0,0.840716471,101.380631,6,
1,fedgsl,gnn_fedgsl_gcn,1,cora,3,64,0,1,0.01,0,0.811668362,140.099465,6,
2,fedgsl,gnn_fedgsl_gcn,1,cora,3,64,0,1,0.01,0,0.831173417,163.7382152,6,
3,fedgsl,gnn_fedgsl_gcn,1,cora,3,64,0,1,0.01,0,0.824427532,109.586667,6,
4,fedgsl,gnn_fedgsl_gcn,1,cora,3,64,0,1,0.01,0,0.826058706,126.9394916,6,
,,,,,,,,,,,0.826808898,6 平均值,6,
0,fedgsl,gnn_fedgsl_gcn,1,cora,3,256,0,1,0.01,0,0.845717857,98.51970891,102,
1,fedgsl,gnn_fedgsl_gcn,1,cora,3,256,0,1,0.01,0,0.816757712,142.1698387,102,
2,fedgsl,gnn_fedgsl_gcn,1,cora,3,256,0,1,0.01,0,0.817067831,120.0163632,102,
3,fedgsl,gnn_fedgsl_gcn,1,cora,3,256,0,1,0.01,0,0.824159148,121.8837773,102,
4,fedgsl,gnn_fedgsl_gcn,1,cora,3,256,0,1,0.01,0,0.830270349,142.2104043,102,
,,,,,,,,,,,0.826794579,102 平均值,102,
0,fedgsl,gnn_fedgsl_gcn,1,cora,3,64,0,1,0.01,0.0005,0.843049424,96.20225343,11,
1,fedgsl,gnn_fedgsl_gcn,1,cora,3,64,0,1,0.01,0.0005,0.816494785,117.3673341,11,
2,fedgsl,gnn_fedgsl_gcn,1,cora,3,64,0,1,0.01,0.0005,0.821934062,137.4116469,11,
3,fedgsl,gnn_fedgsl_gcn,1,cora,3,64,0,1,0.01,0.0005,0.824845518,114.6875151,11,
4,fedgsl,gnn_fedgsl_gcn,1,cora,3,64,0,1,0.01,0.0005,0.826987136,155.8714455,11,
,,,,,,,,,,,0.826662185,11 平均值,11,
0,fedgsl,gnn_fedgsl_gcn,1,cora,3,64,0.5,1,0.01,0,0.836814946,97.44611833,48,
1,fedgsl,gnn_fedgsl_gcn,1,cora,3,64,0.5,1,0.01,0,0.818342656,101.3613681,48,
2,fedgsl,gnn_fedgsl_gcn,1,cora,3,64,0.5,1,0.01,0,0.818342656,95.59258166,48,
3,fedgsl,gnn_fedgsl_gcn,1,cora,3,64,0.5,1,0.01,0,0.830487047,99.40475654,48,
4,fedgsl,gnn_fedgsl_gcn,1,cora,3,64,0.5,1,0.01,0,0.828840464,87.32496866,48,
,,,,,,,,,,,0.826565554,48 平均值,48,
0,fedgsl,gnn_fedgsl_gcn,1,cora,3,256,0,1,0.01,0,0.817485817,105.6640508,98,
1,fedgsl,gnn_fedgsl_gcn,1,cora,3,256,0,1,0.01,0,0.831441802,107.54488,98,
2,fedgsl,gnn_fedgsl_gcn,1,cora,3,256,0,1,0.01,0,0.836711573,148.412492,98,
3,fedgsl,gnn_fedgsl_gcn,1,cora,3,256,0,1,0.01,0,0.825139264,100.7637168,98,
4,fedgsl,gnn_fedgsl_gcn,1,cora,3,256,0,1,0.01,0,0.822017531,127.1545632,98,
,,,,,,,,,,,0.826559197,98 平均值,98,
0,fedgsl,gnn_fedgsl_gcn,1,cora,3,64,0.5,1,0.01,0.0005,0.830125242,139.1784276,63,
1,fedgsl,gnn_fedgsl_gcn,1,cora,3,64,0.5,1,0.01,0.0005,0.817139421,146.5551047,63,
2,fedgsl,gnn_fedgsl_gcn,1,cora,3,64,0.5,1,0.01,0.0005,0.816376003,110.5816273,63,
3,fedgsl,gnn_fedgsl_gcn,1,cora,3,64,0.5,1,0.01,0.0005,0.830600372,108.0678418,63,
4,fedgsl,gnn_fedgsl_gcn,1,cora,3,64,0.5,1,0.01,0.0005,0.837284618,92.26995947,63,
,,,,,,,,,,,0.826305131,63 平均值,63,
0,fedgsl,gnn_fedgsl_gcn,1,cora,3,256,0,1,0.01,0.0005,0.83197857,110.908925,108,
1,fedgsl,gnn_fedgsl_gcn,1,cora,3,256,0,1,0.01,0.0005,0.818404295,107.738802,108,
2,fedgsl,gnn_fedgsl_gcn,1,cora,3,256,0,1,0.01,0.0005,0.83744963,121.3531603,108,
3,fedgsl,gnn_fedgsl_gcn,1,cora,3,256,0,1,0.01,0.0005,0.81697441,143.0045968,108,
4,fedgsl,gnn_fedgsl_gcn,1,cora,3,256,0,1,0.01,0.0005,0.824360436,115.4855585,108,
,,,,,,,,,,,0.825833468,108 平均值,108,
0,fedgsl,gnn_fedgsl_gcn,1,cora,3,256,0.5,1,0.01,0,0.818559354,107.7361847,146,
1,fedgsl,gnn_fedgsl_gcn,1,cora,3,256,0.5,1,0.01,0,0.835436747,102.5010639,146,
2,fedgsl,gnn_fedgsl_gcn,1,cora,3,256,0.5,1,0.01,0,0.806058616,177.0177404,146,
3,fedgsl,gnn_fedgsl_gcn,1,cora,3,256,0.5,1,0.01,0,0.826863859,123.2095669,146,
4,fedgsl,gnn_fedgsl_gcn,1,cora,3,256,0.5,1,0.01,0,0.838574854,86.89619954,146,
,,,,,,,,,,,0.825098686,146 平均值,146,
0,fedgsl,gnn_fedgsl_gcn,1,cora,3,256,0.5,1,0.1,0,0.820562284,1098.845129,163,
1,fedgsl,gnn_fedgsl_gcn,1,cora,3,256,0.5,1,0.1,0,0.837144969,1292.381923,163,
2,fedgsl,gnn_fedgsl_gcn,1,cora,3,256,0.5,1,0.1,0,0.828825055,1164.961413,163,
3,fedgsl,gnn_fedgsl_gcn,1,cora,3,256,0.5,1,0.1,0,0.810316488,1826.001117,163,
4,fedgsl,gnn_fedgsl_gcn,1,cora,3,256,0.5,1,0.1,0,0.826275403,1128.815382,163,
,,,,,,,,,,,0.82462484,163 平均值,163,
0,fedgsl,gnn_fedgsl_gcn,1,cora,3,64,0,1,0.01,0,0.80122224,174.6705221,7,
1,fedgsl,gnn_fedgsl_gcn,1,cora,3,64,0,1,0.01,0,0.82973358,98.81413868,7,
2,fedgsl,gnn_fedgsl_gcn,1,cora,3,64,0,1,0.01,0,0.827348941,141.4569788,7,
3,fedgsl,gnn_fedgsl_gcn,1,cora,3,64,0,1,0.01,0,0.837769701,105.5293252,7,
4,fedgsl,gnn_fedgsl_gcn,1,cora,3,64,0,1,0.01,0,0.82632709,115.7578657,7,
,,,,,,,,,,,0.82448031,7 平均值,7,
0,fedgsl,gnn_fedgsl_gcn,1,cora,3,256,0.5,1,0.1,0,0.805506437,337.6859888,160,
1,fedgsl,gnn_fedgsl_gcn,1,cora,3,256,0.5,1,0.1,0,0.824350484,564.6367544,160,
2,fedgsl,gnn_fedgsl_gcn,1,cora,3,256,0.5,1,0.1,0,0.813021199,364.4008318,160,
3,fedgsl,gnn_fedgsl_gcn,1,cora,3,256,0.5,1,0.1,0,0.836928271,186.2872042,160,
4,fedgsl,gnn_fedgsl_gcn,1,cora,3,256,0.5,1,0.1,0,0.84255439,224.183041,160,
,,,,,,,,,,,0.824472156,160 平均值,160,
0,fedgsl,gnn_fedgsl_gcn,1,cora,3,256,0,1,0.01,0,0.820804344,132.7252697,96,
1,fedgsl,gnn_fedgsl_gcn,1,cora,3,256,0,1,0.01,0,0.818941063,131.8101053,96,
2,fedgsl,gnn_fedgsl_gcn,1,cora,3,256,0,1,0.01,0,0.826007019,95.4734455,96,
3,fedgsl,gnn_fedgsl_gcn,1,cora,3,256,0,1,0.01,0,0.832871687,113.0680079,96,
4,fedgsl,gnn_fedgsl_gcn,1,cora,3,256,0,1,0.01,0,0.820432587,94.82920628,96,
,,,,,,,,,,,0.82381134,96 平均值,96,
0,fedgsl,gnn_fedgsl_gcn,1,cora,3,256,0,1,0.01,0.0005,0.835230002,122.3895811,110,
1,fedgsl,gnn_fedgsl_gcn,1,cora,3,256,0,1,0.01,0.0005,0.820267575,133.6462191,110,
2,fedgsl,gnn_fedgsl_gcn,1,cora,3,256,0,1,0.01,0.0005,0.828252009,125.4155585,110,
3,fedgsl,gnn_fedgsl_gcn,1,cora,3,256,0,1,0.01,0.0005,0.812871597,140.2959035,110,
4,fedgsl,gnn_fedgsl_gcn,1,cora,3,256,0,1,0.01,0.0005,0.821975797,132.6807293,110,
,,,,,,,,,,,0.823719396,110 平均值,110,
0,fedgsl,gnn_fedgsl_gcn,1,cora,3,64,0.5,1,0.1,0,0.826951822,818.0377222,70,
1,fedgsl,gnn_fedgsl_gcn,1,cora,3,64,0.5,1,0.1,0,0.82394245,534.5823133,70,
2,fedgsl,gnn_fedgsl_gcn,1,cora,3,64,0.5,1,0.1,0,0.831849836,887.0919276,70,
3,fedgsl,gnn_fedgsl_gcn,1,cora,3,64,0.5,1,0.1,0,0.8191324,1086.33797,70,
4,fedgsl,gnn_fedgsl_gcn,1,cora,3,64,0.5,1,0.1,0,0.814719468,1206.45459,70,
,,,,,,,,,,,0.823319195,70 平均值,70,
0,fedgsl,gnn_fedgsl_gcn,1,cora,3,256,0.5,1,0.1,0,0.835168363,384.5113631,161,
1,fedgsl,gnn_fedgsl_gcn,1,cora,3,256,0.5,1,0.1,0,0.816582748,816.8614624,161,
2,fedgsl,gnn_fedgsl_gcn,1,cora,3,256,0.5,1,0.1,0,0.848675543,398.6106798,161,
3,fedgsl,gnn_fedgsl_gcn,1,cora,3,256,0.5,1,0.1,0,0.823597018,619.8054319,161,
4,fedgsl,gnn_fedgsl_gcn,1,cora,3,256,0.5,1,0.1,0,0.792572303,564.1096004,161,
,,,,,,,,,,,0.823319195,161 平均值,161,
0,fedgsl,gnn_fedgsl_gcn,1,cora,3,64,0.5,1,0.1,0,0.823023972,374.6873118,65,
1,fedgsl,gnn_fedgsl_gcn,1,cora,3,64,0.5,1,0.1,0,0.83011529,781.8146739,65,
2,fedgsl,gnn_fedgsl_gcn,1,cora,3,64,0.5,1,0.1,0,0.810141525,522.2231491,65,
3,fedgsl,gnn_fedgsl_gcn,1,cora,3,64,0.5,1,0.1,0,0.830471637,629.6754753,65,
4,fedgsl,gnn_fedgsl_gcn,1,cora,3,64,0.5,1,0.1,0,0.822383831,623.7305667,65,
,,,,,,,,,,,0.823227251,65 平均值,65,
0,fedgsl,gnn_fedgsl_gcn,1,cora,3,64,0.5,1,0.01,0.0005,0.818507668,89.67743572,57,
1,fedgsl,gnn_fedgsl_gcn,1,cora,3,64,0.5,1,0.01,0.0005,0.822383831,131.8808976,57,
2,fedgsl,gnn_fedgsl_gcn,1,cora,3,64,0.5,1,0.01,0.0005,0.809526745,115.8643339,57,
3,fedgsl,gnn_fedgsl_gcn,1,cora,3,64,0.5,1,0.01,0.0005,0.833418407,91.09191458,57,
4,fedgsl,gnn_fedgsl_gcn,1,cora,3,64,0.5,1,0.01,0.0005,0.83197857,108.1041185,57,
,,,,,,,,,,,0.823163044,57 平均值,57,
0,fedgsl,gnn_fedgsl_gcn,1,cora,3,64,0.5,1,0.01,0.0005,0.831328477,117.37679,61,
1,fedgsl,gnn_fedgsl_gcn,1,cora,3,64,0.5,1,0.01,0.0005,0.827663554,111.9166925,61,
2,fedgsl,gnn_fedgsl_gcn,1,cora,3,64,0.5,1,0.01,0.0005,0.817242794,102.1720528,61,
3,fedgsl,gnn_fedgsl_gcn,1,cora,3,64,0.5,1,0.01,0.0005,0.826977183,107.1906937,61,
4,fedgsl,gnn_fedgsl_gcn,1,cora,3,64,0.5,1,0.01,0.0005,0.812179769,120.4135661,61,
,,,,,,,,,,,0.823078355,61 平均值,61,
0,fedgsl,gnn_fedgsl_gcn,1,cora,3,64,0.5,1,0.01,0,0.823777439,110.0859678,52,
1,fedgsl,gnn_fedgsl_gcn,1,cora,3,64,0.5,1,0.01,0,0.821991206,105.882705,52,
2,fedgsl,gnn_fedgsl_gcn,1,cora,3,64,0.5,1,0.01,0,0.821800833,95.72653306,52,
3,fedgsl,gnn_fedgsl_gcn,1,cora,3,64,0.5,1,0.01,0,0.825805731,112.0245068,52,
4,fedgsl,gnn_fedgsl_gcn,1,cora,3,64,0.5,1,0.01,0,0.820102564,126.7824031,52,
,,,,,,,,,,,0.822695555,52 平均值,52,
0,fedgsl,gnn_fedgsl_gcn,1,cora,3,64,0,1,0.01,0.0005,0.826430463,116.5813199,13,
1,fedgsl,gnn_fedgsl_gcn,1,cora,3,64,0,1,0.01,0.0005,0.816019655,126.3895959,13,
2,fedgsl,gnn_fedgsl_gcn,1,cora,3,64,0,1,0.01,0.0005,0.818724365,108.6850535,13,
3,fedgsl,gnn_fedgsl_gcn,1,cora,3,64,0,1,0.01,0.0005,0.830703745,135.2223968,13,
4,fedgsl,gnn_fedgsl_gcn,1,cora,3,64,0,1,0.01,0.0005,0.820969355,180.7945007,13,
,,,,,,,,,,,0.822569517,13 平均值,13,
0,fedgsl,gnn_fedgsl_gcn,1,cora,3,64,0.5,1,0.1,0.0005,0.811988433,691.430427,72,
1,fedgsl,gnn_fedgsl_gcn,1,cora,3,64,0.5,1,0.1,0.0005,0.823612427,454.0110301,72,
2,fedgsl,gnn_fedgsl_gcn,1,cora,3,64,0.5,1,0.1,0.0005,0.82702887,818.4384078,72,
3,fedgsl,gnn_fedgsl_gcn,1,cora,3,64,0.5,1,0.1,0.0005,0.838698131,728.8792334,72,
4,fedgsl,gnn_fedgsl_gcn,1,cora,3,64,0.5,1,0.1,0.0005,0.807281755,925.9737903,72,
,,,,,,,,,,,0.821721923,72 平均值,72,
0,fedgsl,gnn_fedgsl_gcn,1,cora,3,256,0.5,1,0.01,0,0.819746216,108.3057479,147,
1,fedgsl,gnn_fedgsl_gcn,1,cora,3,256,0.5,1,0.01,0,0.813351221,210.1611453,147,
2,fedgsl,gnn_fedgsl_gcn,1,cora,3,256,0.5,1,0.01,0,0.824314207,148.631491,147,
3,fedgsl,gnn_fedgsl_gcn,1,cora,3,256,0.5,1,0.01,0,0.831710186,92.13496678,147,
4,fedgsl,gnn_fedgsl_gcn,1,cora,3,256,0.5,1,0.01,0,0.819194038,102.0937602,147,
,,,,,,,,,,,0.821663174,147 平均值,147,
0,fedgsl,gnn_fedgsl_gcn,1,cora,3,64,0.5,1,0.25,0.0005,0.833418407,4064.760728,89,
1,fedgsl,gnn_fedgsl_gcn,1,cora,3,64,0.5,1,0.25,0.0005,0.817346167,6353.966005,89,
2,fedgsl,gnn_fedgsl_gcn,1,cora,3,64,0.5,1,0.25,0.0005,0.839069888,8637.950738,89,
3,fedgsl,gnn_fedgsl_gcn,1,cora,3,64,0.5,1,0.25,0.0005,0.791157828,2639.274542,89,
4,fedgsl,gnn_fedgsl_gcn,1,cora,3,64,0.5,1,0.25,0.0005,0.827142195,6933.21747,89,
,,,,,,,,,,,0.821626897,89 平均值,89,
0,fedgsl,gnn_fedgsl_gcn,1,cora,3,256,0,1,0.01,0,0.802548752,166.20938,103,
1,fedgsl,gnn_fedgsl_gcn,1,cora,3,256,0,1,0.01,0,0.825893694,97.50547507,103,
2,fedgsl,gnn_fedgsl_gcn,1,cora,3,256,0,1,0.01,0,0.835385061,124.6302457,103,
3,fedgsl,gnn_fedgsl_gcn,1,cora,3,256,0,1,0.01,0,0.823612427,106.3362428,103,
4,fedgsl,gnn_fedgsl_gcn,1,cora,3,256,0,1,0.01,0,0.81967912,147.051174,103,
,,,,,,,,,,,0.821423811,103 平均值,103,
0,fedgsl,gnn_fedgsl_gcn,1,cora,3,256,0,1,0.01,0.0005,0.825103951,101.5215962,109,
1,fedgsl,gnn_fedgsl_gcn,1,cora,3,256,0,1,0.01,0.0005,0.81080157,94.36520222,109,
2,fedgsl,gnn_fedgsl_gcn,1,cora,3,256,0,1,0.01,0.0005,0.813506281,106.4048293,109,
3,fedgsl,gnn_fedgsl_gcn,1,cora,3,256,0,1,0.01,0.0005,0.833573467,135.2453976,109,
4,fedgsl,gnn_fedgsl_gcn,1,cora,3,256,0,1,0.01,0.0005,0.823674066,128.1387603,109,
,,,,,,,,,,,0.821331867,109 平均值,109,
0,fedgsl,gnn_fedgsl_gcn,1,cora,3,256,0.5,1,0.1,0,0.828303695,804.1668312,166,
1,fedgsl,gnn_fedgsl_gcn,1,cora,3,256,0.5,1,0.1,0,0.811529675,1053.635103,166,
2,fedgsl,gnn_fedgsl_gcn,1,cora,3,256,0.5,1,0.1,0,0.821429076,774.6174315,166,
3,fedgsl,gnn_fedgsl_gcn,1,cora,3,256,0.5,1,0.1,0,0.821584135,1452.077685,166,
4,fedgsl,gnn_fedgsl_gcn,1,cora,3,256,0.5,1,0.1,0,0.821160692,1088.220716,166,
,,,,,,,,,,,0.820801455,166 平均值,166,
0,fedgsl,gnn_fedgsl_gcn,1,cora,3,64,0.5,1,0.1,0,0.819999191,1235.835609,71,
1,fedgsl,gnn_fedgsl_gcn,1,cora,3,64,0.5,1,0.1,0,0.815984341,1387.11253,71,
2,fedgsl,gnn_fedgsl_gcn,1,cora,3,64,0.5,1,0.1,0,0.826533836,906.6829002,71,
3,fedgsl,gnn_fedgsl_gcn,1,cora,3,64,0.5,1,0.1,0,0.822858961,1083.432172,71,
4,fedgsl,gnn_fedgsl_gcn,1,cora,3,64,0.5,1,0.1,0,0.81829097,1145.355623,71,
,,,,,,,,,,,0.82073346,71 平均值,71,
0,fedgsl,gnn_fedgsl_gcn,1,cora,3,64,0.5,1,0.1,0,0.818022585,543.6373525,68,
1,fedgsl,gnn_fedgsl_gcn,1,cora,3,64,0.5,1,0.1,0,0.821377389,678.3053352,68,
2,fedgsl,gnn_fedgsl_gcn,1,cora,3,64,0.5,1,0.1,0,0.82773065,545.5518633,68,
3,fedgsl,gnn_fedgsl_gcn,1,cora,3,64,0.5,1,0.1,0,0.816582748,910.3056362,68,
4,fedgsl,gnn_fedgsl_gcn,1,cora,3,64,0.5,1,0.1,0,0.817692563,542.7238592,68,
,,,,,,,,,,,0.820281187,68 平均值,68,
0,fedgsl,gnn_fedgsl_gcn,1,cora,3,256,0.5,1,0.25,0.0005,0.787456628,8468.727283,189,
1,fedgsl,gnn_fedgsl_gcn,1,cora,3,256,0.5,1,0.25,0.0005,0.830605829,11577.28932,189,
2,fedgsl,gnn_fedgsl_gcn,1,cora,3,256,0.5,1,0.25,0.0005,0.824437484,12553.92732,189,
3,fedgsl,gnn_fedgsl_gcn,1,cora,3,256,0.5,1,0.25,0.0005,0.827973673,7638.032645,189,
4,fedgsl,gnn_fedgsl_gcn,1,cora,3,256,0.5,1,0.25,0.0005,0.830538733,6732.777912,189,
,,,,,,,,,,,0.82020247,189 平均值,189,
0,fedgsl,gnn_fedgsl_gcn,1,cora,3,64,0.5,1,0.1,0,0.8278703,766.7426422,66,
1,fedgsl,gnn_fedgsl_gcn,1,cora,3,64,0.5,1,0.1,0,0.826698847,1548.698908,66,
2,fedgsl,gnn_fedgsl_gcn,1,cora,3,64,0.5,1,0.1,0,0.817831249,614.7610652,66,
3,fedgsl,gnn_fedgsl_gcn,1,cora,3,64,0.5,1,0.1,0,0.805713183,1326.598674,66,
4,fedgsl,gnn_fedgsl_gcn,1,cora,3,64,0.5,1,0.1,0,0.822590576,1944.56111,66,
,,,,,,,,,,,0.820140831,66 平均值,66,
0,fedgsl,gnn_fedgsl_gcn,1,cora,3,256,0.5,1,0.25,0.0005,0.828365334,7517.578154,188,
1,fedgsl,gnn_fedgsl_gcn,1,cora,3,256,0.5,1,0.25,0.0005,0.849185986,7383.433988,188,
2,fedgsl,gnn_fedgsl_gcn,1,cora,3,256,0.5,1,0.25,0.0005,0.804076552,4685.132849,188,
3,fedgsl,gnn_fedgsl_gcn,1,cora,3,256,0.5,1,0.25,0.0005,0.833738478,4297.242884,188,
4,fedgsl,gnn_fedgsl_gcn,1,cora,3,256,0.5,1,0.25,0.0005,0.785315011,6590.315819,188,
,,,,,,,,,,,0.820136272,188 平均值,188,
0,fedgsl,gnn_fedgsl_gcn,1,cora,3,256,0,1,0.1,0,0.829795219,244.865394,117,
1,fedgsl,gnn_fedgsl_gcn,1,cora,3,256,0,1,0.1,0,0.834951665,488.00403,117,
2,fedgsl,gnn_fedgsl_gcn,1,cora,3,256,0,1,0.1,0,0.811694687,928.4314736,117,
3,fedgsl,gnn_fedgsl_gcn,1,cora,3,256,0,1,0.1,0,0.82464423,1213.301361,117,
4,fedgsl,gnn_fedgsl_gcn,1,cora,3,256,0,1,0.1,0,0.799168586,918.5440912,117,
,,,,,,,,,,,0.820050877,117 平均值,117,
0,fedgsl,gnn_fedgsl_gcn,1,cora,3,256,0.5,1,0.01,0,0.817077783,151.6334446,151,
1,fedgsl,gnn_fedgsl_gcn,1,cora,3,256,0.5,1,0.01,0,0.821057319,100.7538548,151,
2,fedgsl,gnn_fedgsl_gcn,1,cora,3,256,0.5,1,0.01,0,0.809361733,111.2127213,151,
3,fedgsl,gnn_fedgsl_gcn,1,cora,3,256,0.5,1,0.01,0,0.808406979,147.7134389,151,
4,fedgsl,gnn_fedgsl_gcn,1,cora,3,256,0.5,1,0.01,0,0.84325617,98.42477843,151,
,,,,,,,,,,,0.819831997,151 平均值,151,
0,fedgsl,gnn_fedgsl_gcn,1,cora,3,64,0.5,1,0.1,0.0005,0.834146512,345.5971739,77,
1,fedgsl,gnn_fedgsl_gcn,1,cora,3,64,0.5,1,0.1,0.0005,0.807818523,494.6190758,77,
2,fedgsl,gnn_fedgsl_gcn,1,cora,3,64,0.5,1,0.1,0.0005,0.830775335,367.6957398,77,
3,fedgsl,gnn_fedgsl_gcn,1,cora,3,64,0.5,1,0.1,0.0005,0.791921247,490.2211586,77,
4,fedgsl,gnn_fedgsl_gcn,1,cora,3,64,0.5,1,0.1,0.0005,0.834373162,406.3658541,77,
,,,,,,,,,,,0.819806956,77 平均值,77,
0,fedgsl,gnn_fedgsl_gcn,1,cora,3,64,0.5,1,0.01,0,0.82974899,101.4226814,51,
1,fedgsl,gnn_fedgsl_gcn,1,cora,3,64,0.5,1,0.01,0,0.803405592,177.5255792,51,
2,fedgsl,gnn_fedgsl_gcn,1,cora,3,64,0.5,1,0.01,0,0.814683191,135.1742674,51,
3,fedgsl,gnn_fedgsl_gcn,1,cora,3,64,0.5,1,0.01,0,0.838523167,101.3901841,51,
4,fedgsl,gnn_fedgsl_gcn,1,cora,3,64,0.5,1,0.01,0,0.812664851,191.4086114,51,
,,,,,,,,,,,0.819805158,51 平均值,51,
0,fedgsl,gnn_fedgsl_gcn,1,cora,3,256,0.5,1,0.1,0,0.820040925,1375.427654,162,
1,fedgsl,gnn_fedgsl_gcn,1,cora,3,256,0.5,1,0.1,0,0.816531062,1187.995916,162,
2,fedgsl,gnn_fedgsl_gcn,1,cora,3,256,0.5,1,0.1,0,0.818404295,857.5027041,162,
3,fedgsl,gnn_fedgsl_gcn,1,cora,3,256,0.5,1,0.1,0,0.82478388,1884.398492,162,
4,fedgsl,gnn_fedgsl_gcn,1,cora,3,256,0.5,1,0.1,0,0.817372492,1664.733868,162,
,,,,,,,,,,,0.819426531,162 平均值,162,
0,fedgsl,gnn_fedgsl_gcn,1,cora,3,256,0,1,0.1,0.0005,0.840448086,3080.240512,122,
1,fedgsl,gnn_fedgsl_gcn,1,cora,3,256,0,1,0.1,0.0005,0.847044369,1802.669528,122,
2,fedgsl,gnn_fedgsl_gcn,1,cora,3,256,0,1,0.1,0.0005,0.791756235,7161.330575,122,
3,fedgsl,gnn_fedgsl_gcn,1,cora,3,256,0,1,0.1,0.0005,0.789077849,4507.135228,122,
4,fedgsl,gnn_fedgsl_gcn,1,cora,3,256,0,1,0.1,0.0005,0.82773065,3760.375045,122,
,,,,,,,,,,,0.819211438,122 平均值,122,
0,fedgsl,gnn_fedgsl_gcn,1,cora,3,256,0,1,0.01,0,0.82502594,107.3401743,99,
1,fedgsl,gnn_fedgsl_gcn,1,cora,3,256,0,1,0.01,0,0.80939801,114.454781,99,
2,fedgsl,gnn_fedgsl_gcn,1,cora,3,256,0,1,0.01,0,0.817831249,130.7349391,99,
3,fedgsl,gnn_fedgsl_gcn,1,cora,3,256,0,1,0.01,0,0.829135173,97.8864887,99,
4,fedgsl,gnn_fedgsl_gcn,1,cora,3,256,0,1,0.01,0,0.814424759,126.0000308,99,
,,,,,,,,,,,0.819163026,99 平均值,99,
0,fedgsl,gnn_fedgsl_gcn,1,cora,3,256,0,1,0.01,0,0.827132243,116.4661588,100,
1,fedgsl,gnn_fedgsl_gcn,1,cora,3,256,0,1,0.01,0,0.821021042,116.8882817,100,
2,fedgsl,gnn_fedgsl_gcn,1,cora,3,256,0,1,0.01,0,0.806683348,100.7147791,100,
3,fedgsl,gnn_fedgsl_gcn,1,cora,3,256,0,1,0.01,0,0.82394245,107.2822837,100,
4,fedgsl,gnn_fedgsl_gcn,1,cora,3,256,0,1,0.01,0,0.816964458,122.2003411,100,
,,,,,,,,,,,0.819148708,100 平均值,100,
0,fedgsl,gnn_fedgsl_gcn,1,cora,3,256,0,1,0.01,0,0.822156218,104.4586454,97,
1,fedgsl,gnn_fedgsl_gcn,1,cora,3,256,0,1,0.01,0,0.803121798,120.1681652,97,
2,fedgsl,gnn_fedgsl_gcn,1,cora,3,256,0,1,0.01,0,0.815787547,90.2874558,97,
3,fedgsl,gnn_fedgsl_gcn,1,cora,3,256,0,1,0.01,0,0.830270349,114.961951,97,
4,fedgsl,gnn_fedgsl_gcn,1,cora,3,256,0,1,0.01,0,0.820370948,121.8414455,97,
,,,,,,,,,,,0.818341372,97 平均值,97,
0,fedgsl,gnn_fedgsl_gcn,1,cora,3,256,0.5,1,0.1,0,0.83436321,460.7177275,164,
1,fedgsl,gnn_fedgsl_gcn,1,cora,3,256,0.5,1,0.1,0,0.814043049,582.3540553,164,
2,fedgsl,gnn_fedgsl_gcn,1,cora,3,256,0.5,1,0.1,0,0.811643,413.6424226,164,
3,fedgsl,gnn_fedgsl_gcn,1,cora,3,256,0.5,1,0.1,0,0.809320962,586.287003,164,
4,fedgsl,gnn_fedgsl_gcn,1,cora,3,256,0.5,1,0.1,0,0.822322192,442.2048695,164,
,,,,,,,,,,,0.818338483,164 平均值,164,
0,fedgsl,gnn_fedgsl_gcn,1,cora,3,256,0.5,1,0.01,0,0.823725752,113.821674,148,
1,fedgsl,gnn_fedgsl_gcn,1,cora,3,256,0.5,1,0.01,0,0.819807855,109.111581,148,
2,fedgsl,gnn_fedgsl_gcn,1,cora,3,256,0.5,1,0.01,0,0.806683348,94.72709403,148,
3,fedgsl,gnn_fedgsl_gcn,1,cora,3,256,0.5,1,0.01,0,0.827617325,116.1357104,148,
4,fedgsl,gnn_fedgsl_gcn,1,cora,3,256,0.5,1,0.01,0,0.81366134,126.871909,148,
,,,,,,,,,,,0.818299124,148 平均值,148,
0,fedgsl,gnn_fedgsl_gcn,1,cora,3,256,0.5,1,0.1,0,0.80715302,1057.727532,167,
1,fedgsl,gnn_fedgsl_gcn,1,cora,3,256,0.5,1,0.1,0,0.833981501,971.3257499,167,
2,fedgsl,gnn_fedgsl_gcn,1,cora,3,256,0.5,1,0.1,0,0.809986465,1827.971935,167,
3,fedgsl,gnn_fedgsl_gcn,1,cora,3,256,0.5,1,0.1,0,0.809630118,1527.329222,167,
4,fedgsl,gnn_fedgsl_gcn,1,cora,3,256,0.5,1,0.1,0,0.830218663,1280.119749,167,
,,,,,,,,,,,0.818193953,167 平均值,167,
0,fedgsl,gnn_fedgsl_gcn,1,cora,3,64,0.5,1,0.1,0,0.814053001,459.8665838,64,
1,fedgsl,gnn_fedgsl_gcn,1,cora,3,64,0.5,1,0.1,0,0.816210991,418.0825556,64,
2,fedgsl,gnn_fedgsl_gcn,1,cora,3,64,0.5,1,0.1,0,0.820355539,793.856389,64,
3,fedgsl,gnn_fedgsl_gcn,1,cora,3,64,0.5,1,0.1,0,0.835013304,690.6165427,64,
4,fedgsl,gnn_fedgsl_gcn,1,cora,3,64,0.5,1,0.1,0,0.805140138,1208.174816,64,
,,,,,,,,,,,0.818154595,64 平均值,64,
0,fedgsl,gnn_fedgsl_gcn,1,cora,3,64,0.5,1,0.01,0,0.827885709,97.95468807,50,
1,fedgsl,gnn_fedgsl_gcn,1,cora,3,64,0.5,1,0.01,0,0.806683348,128.029894,50,
2,fedgsl,gnn_fedgsl_gcn,1,cora,3,64,0.5,1,0.01,0,0.797702425,134.5162495,50,
3,fedgsl,gnn_fedgsl_gcn,1,cora,3,64,0.5,1,0.01,0,0.82015425,134.018508,50,
4,fedgsl,gnn_fedgsl_gcn,1,cora,3,64,0.5,1,0.01,0,0.836763259,89.43519511,50,
,,,,,,,,,,,0.817837798,50 平均值,50,
0,fedgsl,gnn_fedgsl_gcn,1,cora,3,64,0,1,0.1,0,0.808504894,1251.677704,17,
1,fedgsl,gnn_fedgsl_gcn,1,cora,3,64,0,1,0.1,0,0.81402764,1140.080464,17,
2,fedgsl,gnn_fedgsl_gcn,1,cora,3,64,0,1,0.1,0,0.831493488,817.4006405,17,
3,fedgsl,gnn_fedgsl_gcn,1,cora,3,64,0,1,0.1,0,0.831710186,778.24034,17,
4,fedgsl,gnn_fedgsl_gcn,1,cora,3,64,0,1,0.1,0,0.800401678,1029.752745,17,
,,,,,,,,,,,0.817227577,17 平均值,17,
0,fedgsl,gnn_fedgsl_gcn,1,cora,3,64,0,1,0.01,0,0.828778826,116.1600049,4,
1,fedgsl,gnn_fedgsl_gcn,1,cora,3,64,0,1,0.01,0,0.821567763,132.0539049,4,
2,fedgsl,gnn_fedgsl_gcn,1,cora,3,64,0,1,0.01,0,0.808763326,100.4474897,4,
3,fedgsl,gnn_fedgsl_gcn,1,cora,3,64,0,1,0.01,0,0.812283142,136.5675387,4,
4,fedgsl,gnn_fedgsl_gcn,1,cora,3,64,0,1,0.01,0,0.812969512,102.1543111,4,
,,,,,,,,,,,0.816872514,4 平均值,4,
0,fedgsl,gnn_fedgsl_gcn,1,cora,3,64,0.5,1,0.1,0,0.818497716,2236.119692,67,
1,fedgsl,gnn_fedgsl_gcn,1,cora,3,64,0.5,1,0.1,0,0.806683348,2022.163352,67,
2,fedgsl,gnn_fedgsl_gcn,1,cora,3,64,0.5,1,0.1,0,0.813011246,1545.218018,67,
3,fedgsl,gnn_fedgsl_gcn,1,cora,3,64,0.5,1,0.1,0,0.823927041,925.2691981,67,
4,fedgsl,gnn_fedgsl_gcn,1,cora,3,64,0.5,1,0.1,0,0.821965845,714.4979084,67,
,,,,,,,,,,,0.816817039,67 平均值,67,
0,fedgsl,gnn_fedgsl_gcn,1,cora,3,64,0,1,0.01,0,0.818672679,119.4368771,3,
1,fedgsl,gnn_fedgsl_gcn,1,cora,3,64,0,1,0.01,0,0.819044436,100.7657282,3,
2,fedgsl,gnn_fedgsl_gcn,1,cora,3,64,0,1,0.01,0,0.81095663,141.1318123,3,
3,fedgsl,gnn_fedgsl_gcn,1,cora,3,64,0,1,0.01,0,0.824262521,133.608483,3,
4,fedgsl,gnn_fedgsl_gcn,1,cora,3,64,0,1,0.01,0,0.810584872,126.4603993,3,
,,,,,,,,,,,0.816704228,3 平均值,3,
0,fedgsl,gnn_fedgsl_gcn,1,cora,3,256,0.5,1,0.1,0,0.806848359,900.1392899,165,
1,fedgsl,gnn_fedgsl_gcn,1,cora,3,256,0.5,1,0.1,0,0.821377389,444.9745795,165,
2,fedgsl,gnn_fedgsl_gcn,1,cora,3,256,0.5,1,0.1,0,0.834424849,581.7813609,165,
3,fedgsl,gnn_fedgsl_gcn,1,cora,3,256,0.5,1,0.1,0,0.812691176,870.6133997,165,
4,fedgsl,gnn_fedgsl_gcn,1,cora,3,256,0.5,1,0.1,0,0.807906487,364.7997959,165,
,,,,,,,,,,,0.816649652,165 平均值,165,
0,fedgsl,gnn_fedgsl_gcn,1,cora,3,256,0.5,1,0.1,0.0005,0.80878323,488.5888744,172,
1,fedgsl,gnn_fedgsl_gcn,1,cora,3,256,0.5,1,0.1,0.0005,0.830053651,216.7720732,172,
2,fedgsl,gnn_fedgsl_gcn,1,cora,3,256,0.5,1,0.1,0.0005,0.843359543,410.7860541,172,
3,fedgsl,gnn_fedgsl_gcn,1,cora,3,256,0.5,1,0.1,0.0005,0.795379424,280.8479028,172,
4,fedgsl,gnn_fedgsl_gcn,1,cora,3,256,0.5,1,0.1,0.0005,0.805020392,330.255583,172,
,,,,,,,,,,,0.816519248,172 平均值,172,
0,fedgsl,gnn_fedgsl_gcn,1,cora,3,256,0.5,1,0.1,0.0005,0.808029764,961.287288,170,
1,fedgsl,gnn_fedgsl_gcn,1,cora,3,256,0.5,1,0.1,0.0005,0.8079418,1801.604166,170,
2,fedgsl,gnn_fedgsl_gcn,1,cora,3,256,0.5,1,0.1,0.0005,0.840128015,2097.82176,170,
3,fedgsl,gnn_fedgsl_gcn,1,cora,3,256,0.5,1,0.1,0.0005,0.808989976,941.2870841,170,
4,fedgsl,gnn_fedgsl_gcn,1,cora,3,256,0.5,1,0.1,0.0005,0.816871037,1593.551608,170,
,,,,,,,,,,,0.816392118,170 平均值,170,
0,fedgsl,gnn_fedgsl_gcn,1,cora,3,256,0.5,1,0.01,0,0.821594087,95.15349295,149,
1,fedgsl,gnn_fedgsl_gcn,1,cora,3,256,0.5,1,0.01,0,0.816437641,94.53713187,149,
2,fedgsl,gnn_fedgsl_gcn,1,cora,3,256,0.5,1,0.01,0,0.807446766,120.123164,149,
3,fedgsl,gnn_fedgsl_gcn,1,cora,3,256,0.5,1,0.01,0,0.83367684,109.5044972,149,
4,fedgsl,gnn_fedgsl_gcn,1,cora,3,256,0.5,1,0.01,0,0.802548752,104.6071718,149,
,,,,,,,,,,,0.816340817,149 平均值,149,
0,fedgsl,gnn_fedgsl_gcn,1,cora,3,256,0.5,1,0.1,0.0005,0.81697441,2607.458479,175,
1,fedgsl,gnn_fedgsl_gcn,1,cora,3,256,0.5,1,0.1,0.0005,0.822832636,1310.510703,175,
2,fedgsl,gnn_fedgsl_gcn,1,cora,3,256,0.5,1,0.1,0.0005,0.818672679,763.9689904,175,
3,fedgsl,gnn_fedgsl_gcn,1,cora,3,256,0.5,1,0.1,0.0005,0.812231455,1839.563874,175,
4,fedgsl,gnn_fedgsl_gcn,1,cora,3,256,0.5,1,0.1,0.0005,0.809588383,1899.463768,175,
,,,,,,,,,,,0.816059913,175 平均值,175,
0,fedgsl,gnn_fedgsl_gcn,1,cora,3,256,0.5,1,0.1,0.0005,0.810533186,1273.646976,171,
1,fedgsl,gnn_fedgsl_gcn,1,cora,3,256,0.5,1,0.1,0.0005,0.820076239,1712.390373,171,
2,fedgsl,gnn_fedgsl_gcn,1,cora,3,256,0.5,1,0.1,0.0005,0.816489328,902.9901011,171,
3,fedgsl,gnn_fedgsl_gcn,1,cora,3,256,0.5,1,0.1,0.0005,0.845562798,1326.149847,171,
4,fedgsl,gnn_fedgsl_gcn,1,cora,3,256,0.5,1,0.1,0.0005,0.785567986,2250.147776,171,
,,,,,,,,,,,0.815645907,171 平均值,171,
0,fedgsl,gnn_fedgsl_gcn,1,cora,3,64,0.5,1,0.1,0.0005,0.803988589,746.2437967,76,
1,fedgsl,gnn_fedgsl_gcn,1,cora,3,64,0.5,1,0.1,0.0005,0.819054388,499.2593007,76,
2,fedgsl,gnn_fedgsl_gcn,1,cora,3,64,0.5,1,0.1,0.0005,0.840448086,602.5524436,76,
3,fedgsl,gnn_fedgsl_gcn,1,cora,3,64,0.5,1,0.1,0.0005,0.809300095,368.8789381,76,
4,fedgsl,gnn_fedgsl_gcn,1,cora,3,64,0.5,1,0.1,0.0005,0.803302219,466.9922369,76,
,,,,,,,,,,,0.815218675,76 平均值,76,
0,fedgsl,gnn_fedgsl_gcn,1,cora,3,64,0,1,0.01,0,0.82193952,105.118394,1,
1,fedgsl,gnn_fedgsl_gcn,1,cora,3,64,0,1,0.01,0,0.824628821,112.5800246,1,
2,fedgsl,gnn_fedgsl_gcn,1,cora,3,64,0,1,0.01,0,0.785949695,214.9224216,1,
3,fedgsl,gnn_fedgsl_gcn,1,cora,3,64,0,1,0.01,0,0.828510441,121.9454855,1,
4,fedgsl,gnn_fedgsl_gcn,1,cora,3,64,0,1,0.01,0,0.814399397,104.2304783,1,
,,,,,,,,,,,0.815085575,1 平均值,1,
0,fedgsl,gnn_fedgsl_gcn,1,cora,3,64,0.5,1,0.25,0.0005,0.795276051,13693.79323,91,
1,fedgsl,gnn_fedgsl_gcn,1,cora,3,64,0.5,1,0.25,0.0005,0.817129469,31758.68562,91,
2,fedgsl,gnn_fedgsl_gcn,1,cora,3,64,0.5,1,0.25,0.0005,0.822832636,24670.72584,91,
3,fedgsl,gnn_fedgsl_gcn,1,cora,3,64,0.5,1,0.25,0.0005,0.811286652,16755.01618,91,
4,fedgsl,gnn_fedgsl_gcn,1,cora,3,64,0.5,1,0.25,0.0005,0.827947348,16429.98529,91,
,,,,,,,,,,,0.814894431,91 平均值,91,
0,fedgsl,gnn_fedgsl_gcn,1,cora,3,64,0.5,1,0.25,0.0005,0.80206367,13764.96885,93,
1,fedgsl,gnn_fedgsl_gcn,1,cora,3,64,0.5,1,0.25,0.0005,0.829490558,8476.023006,93,
2,fedgsl,gnn_fedgsl_gcn,1,cora,3,64,0.5,1,0.25,0.0005,0.823994137,8699.517176,93,
3,fedgsl,gnn_fedgsl_gcn,1,cora,3,64,0.5,1,0.25,0.0005,0.820691019,2629.083058,93,
4,fedgsl,gnn_fedgsl_gcn,1,cora,3,64,0.5,1,0.25,0.0005,0.797527461,5311.590165,93,
,,,,,,,,,,,0.814753369,93 平均值,93,
0,fedgsl,gnn_fedgsl_gcn,1,cora,3,256,0.5,1,0.01,0,0.798925564,139.9010242,145,
1,fedgsl,gnn_fedgsl_gcn,1,cora,3,256,0.5,1,0.01,0,0.823457368,131.2010544,145,
2,fedgsl,gnn_fedgsl_gcn,1,cora,3,256,0.5,1,0.01,0,0.831178875,102.6595801,145,
3,fedgsl,gnn_fedgsl_gcn,1,cora,3,256,0.5,1,0.01,0,0.818203006,126.8769663,145,
4,fedgsl,gnn_fedgsl_gcn,1,cora,3,256,0.5,1,0.01,0,0.801718238,107.3795579,145,
,,,,,,,,,,,0.81469661,145 平均值,145,
0,fedgsl,gnn_fedgsl_gcn,1,cora,3,64,0.5,1,0.01,0,0.79934355,151.2447915,55,
1,fedgsl,gnn_fedgsl_gcn,1,cora,3,64,0.5,1,0.01,0,0.824247111,98.53586514,55,
2,fedgsl,gnn_fedgsl_gcn,1,cora,3,64,0.5,1,0.01,0,0.838843238,105.3597428,55,
3,fedgsl,gnn_fedgsl_gcn,1,cora,3,64,0.5,1,0.01,0,0.812164359,100.7235434,55,
4,fedgsl,gnn_fedgsl_gcn,1,cora,3,64,0.5,1,0.01,0,0.798388795,182.8463647,55,
,,,,,,,,,,,0.814597411,55 平均值,55,
0,fedgsl,gnn_fedgsl_gcn,1,cora,3,256,0.5,1,0.01,0.0005,0.825537347,128.4138392,157,
1,fedgsl,gnn_fedgsl_gcn,1,cora,3,256,0.5,1,0.01,0.0005,0.809779719,97.43165749,157,
2,fedgsl,gnn_fedgsl_gcn,1,cora,3,256,0.5,1,0.01,0.0005,0.810853257,121.6336309,157,
3,fedgsl,gnn_fedgsl_gcn,1,cora,3,256,0.5,1,0.01,0.0005,0.814667781,106.0736418,157,
4,fedgsl,gnn_fedgsl_gcn,1,cora,3,256,0.5,1,0.01,0.0005,0.811426302,156.6246142,157,
,,,,,,,,,,,0.814452881,157 平均值,157,
0,fedgsl,gnn_fedgsl_gcn,1,cora,3,64,0,1,0.1,0,0.796463876,544.3583663,16,
1,fedgsl,gnn_fedgsl_gcn,1,cora,3,64,0,1,0.1,0,0.845181089,534.0269146,16,
2,fedgsl,gnn_fedgsl_gcn,1,cora,3,64,0,1,0.1,0,0.803121798,1187.105918,16,
3,fedgsl,gnn_fedgsl_gcn,1,cora,3,64,0,1,0.1,0,0.802688402,1252.309626,16,
4,fedgsl,gnn_fedgsl_gcn,1,cora,3,64,0,1,0.1,0,0.823725752,1026.330802,16,
,,,,,,,,,,,0.814236183,16 平均值,16,
0,fedgsl,gnn_fedgsl_gcn,1,cora,3,64,0,1,0.25,0.0005,0.81018679,25753.55976,41,
1,fedgsl,gnn_fedgsl_gcn,1,cora,3,64,0,1,0.25,0.0005,0.810646511,15994.72381,41,
2,fedgsl,gnn_fedgsl_gcn,1,cora,3,64,0,1,0.25,0.0005,0.819167713,31821.05325,41,
3,fedgsl,gnn_fedgsl_gcn,1,cora,3,64,0,1,0.25,0.0005,0.824220787,19614.05958,41,
4,fedgsl,gnn_fedgsl_gcn,1,cora,3,64,0,1,0.25,0.0005,0.806812082,9726.322464,41,
,,,,,,,,,,,0.814206777,41 平均值,41,
0,fedgsl,gnn_fedgsl_gcn,1,cora,3,256,0.5,1,0.25,0.0005,0.791141455,9751.319406,184,
1,fedgsl,gnn_fedgsl_gcn,1,cora,3,256,0.5,1,0.25,0.0005,0.811823421,11259.79712,184,
2,fedgsl,gnn_fedgsl_gcn,1,cora,3,256,0.5,1,0.25,0.0005,0.825702358,3404.700188,184,
3,fedgsl,gnn_fedgsl_gcn,1,cora,3,256,0.5,1,0.25,0.0005,0.83081707,6733.854789,184,
4,fedgsl,gnn_fedgsl_gcn,1,cora,3,256,0.5,1,0.25,0.0005,0.810914895,19548.90853,184,
,,,,,,,,,,,0.81407984,184 平均值,184,
0,fedgsl,gnn_fedgsl_gcn,1,cora,3,64,0.5,1,0.1,0,0.825857417,895.3630921,69,
1,fedgsl,gnn_fedgsl_gcn,1,cora,3,64,0.5,1,0.1,0,0.813506281,436.2499694,69,
2,fedgsl,gnn_fedgsl_gcn,1,cora,3,64,0.5,1,0.1,0,0.803493555,1313.257581,69,
3,fedgsl,gnn_fedgsl_gcn,1,cora,3,64,0.5,1,0.1,0,0.814414807,687.9174763,69,
4,fedgsl,gnn_fedgsl_gcn,1,cora,3,64,0.5,1,0.1,0,0.812639489,610.6406964,69,
,,,,,,,,,,,0.81398231,69 平均值,69,
0,fedgsl,gnn_fedgsl_gcn,1,cora,3,64,0.5,1,0.25,0.0005,0.815812909,10669.28291,95,
1,fedgsl,gnn_fedgsl_gcn,1,cora,3,64,0.5,1,0.25,0.0005,0.794771064,21044.76512,95,
2,fedgsl,gnn_fedgsl_gcn,1,cora,3,64,0.5,1,0.25,0.0005,0.818414247,39417.98877,95,
3,fedgsl,gnn_fedgsl_gcn,1,cora,3,64,0.5,1,0.25,0.0005,0.822564252,13272.81499,95,
4,fedgsl,gnn_fedgsl_gcn,1,cora,3,64,0.5,1,0.25,0.0005,0.81529155,14767.23551,95,
,,,,,,,,,,,0.813370804,95 平均值,95,
0,fedgsl,gnn_fedgsl_gcn,1,cora,3,256,0,1,0.1,0.0005,0.826310717,1170.088663,121,
1,fedgsl,gnn_fedgsl_gcn,1,cora,3,256,0,1,0.1,0.0005,0.79387249,1517.316726,121,
2,fedgsl,gnn_fedgsl_gcn,1,cora,3,256,0,1,0.1,0.0005,0.799472285,1515.013306,121,
3,fedgsl,gnn_fedgsl_gcn,1,cora,3,256,0,1,0.1,0.0005,0.812979464,1985.866534,121,
4,fedgsl,gnn_fedgsl_gcn,1,cora,3,256,0,1,0.1,0.0005,0.832716627,690.4608656,121,
,,,,,,,,,,,0.813070317,121 平均值,121,
0,fedgsl,gnn_fedgsl_gcn,1,cora,3,256,0,1,0.1,0,0.82192411,1029.528071,116,
1,fedgsl,gnn_fedgsl_gcn,1,cora,3,256,0,1,0.1,0,0.817692563,428.0824758,116,
2,fedgsl,gnn_fedgsl_gcn,1,cora,3,256,0,1,0.1,0,0.805671449,1631.119568,116,
3,fedgsl,gnn_fedgsl_gcn,1,cora,3,256,0,1,0.1,0,0.786832859,1174.843029,116,
4,fedgsl,gnn_fedgsl_gcn,1,cora,3,256,0,1,0.1,0,0.832871687,689.6632173,116,
,,,,,,,,,,,0.812998534,116 平均值,116,
0,fedgsl,gnn_fedgsl_gcn,1,cora,3,64,0,1,0.1,0.0005,0.798734228,3669.964812,24,
1,fedgsl,gnn_fedgsl_gcn,1,cora,3,64,0,1,0.1,0.0005,0.858331921,1053.126462,24,
2,fedgsl,gnn_fedgsl_gcn,1,cora,3,64,0,1,0.1,0.0005,0.801759009,2185.444602,24,
3,fedgsl,gnn_fedgsl_gcn,1,cora,3,64,0,1,0.1,0.0005,0.806858311,1434.95134,24,
4,fedgsl,gnn_fedgsl_gcn,1,cora,3,64,0,1,0.1,0.0005,0.798724276,3343.871631,24,
,,,,,,,,,,,0.812881549,24 平均值,24,
0,fedgsl,gnn_fedgsl_gcn,1,cora,3,64,0.5,1,0.1,0.0005,0.81450277,467.9936988,73,
1,fedgsl,gnn_fedgsl_gcn,1,cora,3,64,0.5,1,0.1,0.0005,0.824479219,306.3064624,73,
2,fedgsl,gnn_fedgsl_gcn,1,cora,3,64,0.5,1,0.1,0.0005,0.801898659,265.0516568,73,
3,fedgsl,gnn_fedgsl_gcn,1,cora,3,64,0.5,1,0.1,0.0005,0.803121798,609.3121068,73,
4,fedgsl,gnn_fedgsl_gcn,1,cora,3,64,0.5,1,0.1,0.0005,0.818914739,466.521798,73,
,,,,,,,,,,,0.812583437,73 平均值,73,
0,fedgsl,gnn_fedgsl_gcn,1,cora,3,64,0,1,0.1,0.0005,0.799410646,8777.20462,31,
1,fedgsl,gnn_fedgsl_gcn,1,cora,3,64,0,1,0.1,0.0005,0.792866049,5524.833141,31,
2,fedgsl,gnn_fedgsl_gcn,1,cora,3,64,0,1,0.1,0.0005,0.811591314,4087.570136,31,
3,fedgsl,gnn_fedgsl_gcn,1,cora,3,64,0,1,0.1,0.0005,0.841877971,1946.097668,31,
4,fedgsl,gnn_fedgsl_gcn,1,cora,3,64,0,1,0.1,0.0005,0.815059443,4534.687064,31,
,,,,,,,,,,,0.812161085,31 平均值,31,
0,fedgsl,gnn_fedgsl_gcn,1,cora,3,64,0.5,1,0.01,0,0.8112767,104.5859664,53,
1,fedgsl,gnn_fedgsl_gcn,1,cora,3,64,0.5,1,0.01,0,0.816489328,95.78423997,53,
2,fedgsl,gnn_fedgsl_gcn,1,cora,3,64,0.5,1,0.01,0,0.807880162,132.8050909,53,
3,fedgsl,gnn_fedgsl_gcn,1,cora,3,64,0.5,1,0.01,0,0.820742705,129.6714328,53,
4,fedgsl,gnn_fedgsl_gcn,1,cora,3,64,0.5,1,0.01,0,0.80430866,104.7353209,53,
,,,,,,,,,,,0.812139511,53 平均值,53,
0,fedgsl,gnn_fedgsl_gcn,1,cora,3,256,0,1,0.25,0.0005,0.850332077,20302.56115,141,
1,fedgsl,gnn_fedgsl_gcn,1,cora,3,256,0,1,0.25,0.0005,0.801785334,15268.19247,141,
2,fedgsl,gnn_fedgsl_gcn,1,cora,3,256,0,1,0.25,0.0005,0.783539694,56590.26918,141,
3,fedgsl,gnn_fedgsl_gcn,1,cora,3,256,0,1,0.25,0.0005,0.81234478,42810.4153,141,
4,fedgsl,gnn_fedgsl_gcn,1,cora,3,256,0,1,0.25,0.0005,0.806346904,29228.8278,141,
,,,,,,,,,,,0.810869758,141 平均值,141,
0,fedgsl,gnn_fedgsl_gcn,1,cora,3,64,0,1,0.1,0.0005,0.799611934,1828.848842,28,
1,fedgsl,gnn_fedgsl_gcn,1,cora,3,64,0,1,0.1,0.0005,0.821872424,427.5442976,28,
2,fedgsl,gnn_fedgsl_gcn,1,cora,3,64,0,1,0.1,0.0005,0.822512565,1562.355806,28,
3,fedgsl,gnn_fedgsl_gcn,1,cora,3,64,0,1,0.1,0.0005,0.802790812,2967.089397,28,
4,fedgsl,gnn_fedgsl_gcn,1,cora,3,64,0,1,0.1,0.0005,0.80702878,2131.753844,28,
,,,,,,,,,,,0.810763303,28 平均值,28,
0,fedgsl,gnn_fedgsl_gcn,1,cora,3,256,0.5,1,0.25,0,0.807741475,2212.204267,181,
1,fedgsl,gnn_fedgsl_gcn,1,cora,3,256,0.5,1,0.25,0,0.798022495,1560.037534,181,
2,fedgsl,gnn_fedgsl_gcn,1,cora,3,256,0.5,1,0.25,0,0.799410646,1722.703279,181,
3,fedgsl,gnn_fedgsl_gcn,1,cora,3,256,0.5,1,0.25,0,0.836504827,2483.953086,181,
4,fedgsl,gnn_fedgsl_gcn,1,cora,3,256,0.5,1,0.25,0,0.807766837,1944.964652,181,
,,,,,,,,,,,0.809889256,181 平均值,181,
0,fedgsl,gnn_fedgsl_gcn,1,cora,3,64,0,1,0.01,0,0.825320649,111.5469231,5,
1,fedgsl,gnn_fedgsl_gcn,1,cora,3,64,0,1,0.01,0,0.811859698,95.06898241,5,
2,fedgsl,gnn_fedgsl_gcn,1,cora,3,64,0,1,0.01,0,0.793924177,138.1717117,5,
3,fedgsl,gnn_fedgsl_gcn,1,cora,3,64,0,1,0.01,0,0.818177645,138.337044,5,
4,fedgsl,gnn_fedgsl_gcn,1,cora,3,64,0,1,0.01,0,0.79813582,139.0236343,5,
,,,,,,,,,,,0.809483598,5 平均值,5,
0,fedgsl,gnn_fedgsl_gcn,1,cora,3,64,0.5,1,0.01,0,0.805382197,103.6462439,49,
1,fedgsl,gnn_fedgsl_gcn,1,cora,3,64,0.5,1,0.01,0,0.795952469,251.7392958,49,
2,fedgsl,gnn_fedgsl_gcn,1,cora,3,64,0.5,1,0.01,0,0.809986465,154.3628082,49,
3,fedgsl,gnn_fedgsl_gcn,1,cora,3,64,0.5,1,0.01,0,0.821124415,121.7589467,49,
4,fedgsl,gnn_fedgsl_gcn,1,cora,3,64,0.5,1,0.01,0,0.813966001,98.22302361,49,
,,,,,,,,,,,0.809282309,49 平均值,49,
0,fedgsl,gnn_fedgsl_gcn,1,cora,3,256,0,1,0.1,0,0.796680574,1050.191704,112,
1,fedgsl,gnn_fedgsl_gcn,1,cora,3,256,0,1,0.1,0,0.79711397,1627.62244,112,
2,fedgsl,gnn_fedgsl_gcn,1,cora,3,256,0,1,0.1,0,0.800417087,611.5064084,112,
3,fedgsl,gnn_fedgsl_gcn,1,cora,3,256,0,1,0.1,0,0.829465196,418.9493977,112,
4,fedgsl,gnn_fedgsl_gcn,1,cora,3,256,0,1,0.1,0,0.822652215,341.2444978,112,
,,,,,,,,,,,0.809265808,112 平均值,112,
0,fedgsl,gnn_fedgsl_gcn,1,cora,3,64,0,1,0.1,0,0.822564252,1792.096189,19,
1,fedgsl,gnn_fedgsl_gcn,1,cora,3,64,0,1,0.1,0,0.807725103,1768.3547,19,
2,fedgsl,gnn_fedgsl_gcn,1,cora,3,64,0,1,0.1,0,0.828943837,1358.574294,19,
3,fedgsl,gnn_fedgsl_gcn,1,cora,3,64,0,1,0.1,0,0.798967298,1171.604937,19,
4,fedgsl,gnn_fedgsl_gcn,1,cora,3,64,0,1,0.1,0,0.787647965,2922.874548,19,
,,,,,,,,,,,0.809169691,19 平均值,19,
0,fedgsl,gnn_fedgsl_gcn,1,cora,3,64,0,1,0.25,0.0005,0.773180573,43454.35383,44,
1,fedgsl,gnn_fedgsl_gcn,1,cora,3,64,0,1,0.25,0.0005,0.802403645,31523.59496,44,
2,fedgsl,gnn_fedgsl_gcn,1,cora,3,64,0,1,0.25,0.0005,0.827090508,29292.93161,44,
3,fedgsl,gnn_fedgsl_gcn,1,cora,3,64,0,1,0.25,0.0005,0.821196005,26094.3727,44,
4,fedgsl,gnn_fedgsl_gcn,1,cora,3,64,0,1,0.25,0.0005,0.821516076,21721.46809,44,
,,,,,,,,,,,0.809077361,44 平均值,44,
0,fedgsl,gnn_fedgsl_gcn,1,cora,3,256,0.5,1,0.1,0.0005,0.791982885,2231.605386,174,
1,fedgsl,gnn_fedgsl_gcn,1,cora,3,256,0.5,1,0.1,0.0005,0.831188827,1738.606398,174,
2,fedgsl,gnn_fedgsl_gcn,1,cora,3,256,0.5,1,0.1,0.0005,0.789996327,1078.302378,174,
3,fedgsl,gnn_fedgsl_gcn,1,cora,3,256,0.5,1,0.1,0.0005,0.823147249,1013.948115,174,
4,fedgsl,gnn_fedgsl_gcn,1,cora,3,256,0.5,1,0.1,0.0005,0.808773278,1636.674848,174,
,,,,,,,,,,,0.809017713,174 平均值,174,
0,fedgsl,gnn_fedgsl_gcn,1,cora,3,256,0,1,0.25,0.0005,0.840076329,13549.46922,140,
1,fedgsl,gnn_fedgsl_gcn,1,cora,3,256,0,1,0.25,0.0005,0.804396623,15173.23739,140,
2,fedgsl,gnn_fedgsl_gcn,1,cora,3,256,0,1,0.25,0.0005,0.805263415,18439.66417,140,
3,fedgsl,gnn_fedgsl_gcn,1,cora,3,256,0,1,0.25,0.0005,0.792432654,59935.76892,140,
4,fedgsl,gnn_fedgsl_gcn,1,cora,3,256,0,1,0.25,0.0005,0.802280368,37238.73413,140,
,,,,,,,,,,,0.808889878,140 平均值,140,
0,fedgsl,gnn_fedgsl_gcn,1,cora,3,64,0,1,0.1,0,0.792659303,784.9824034,20,
1,fedgsl,gnn_fedgsl_gcn,1,cora,3,64,0,1,0.1,0,0.807473091,1069.790771,20,
2,fedgsl,gnn_fedgsl_gcn,1,cora,3,64,0,1,0.1,0,0.802703812,798.0874801,20,
3,fedgsl,gnn_fedgsl_gcn,1,cora,3,64,0,1,0.1,0,0.848882288,216.8389526,20,
4,fedgsl,gnn_fedgsl_gcn,1,cora,3,64,0,1,0.1,0,0.792225908,2150.106451,20,
,,,,,,,,,,,0.80878888,20 平均值,20,
0,fedgsl,gnn_fedgsl_gcn,1,cora,3,256,0,1,0.1,0,0.799230225,1132.105646,113,
1,fedgsl,gnn_fedgsl_gcn,1,cora,3,256,0,1,0.1,0,0.806043206,1021.589884,113,
2,fedgsl,gnn_fedgsl_gcn,1,cora,3,256,0,1,0.1,0,0.803710253,1269.570144,113,
3,fedgsl,gnn_fedgsl_gcn,1,cora,3,256,0,1,0.1,0,0.810048104,794.7128021,113,
4,fedgsl,gnn_fedgsl_gcn,1,cora,3,256,0,1,0.1,0,0.821160692,1699.089257,113,
,,,,,,,,,,,0.808038496,113 平均值,113,
0,fedgsl,gnn_fedgsl_gcn,1,cora,3,64,0.5,1,0.25,0.0005,0.778935426,58463.76688,94,
1,fedgsl,gnn_fedgsl_gcn,1,cora,3,64,0.5,1,0.25,0.0005,0.817087735,28195.7964,94,
2,fedgsl,gnn_fedgsl_gcn,1,cora,3,64,0.5,1,0.25,0.0005,0.833573467,18925.75614,94,
3,fedgsl,gnn_fedgsl_gcn,1,cora,3,64,0.5,1,0.25,0.0005,0.786651475,19636.82685,94,
4,fedgsl,gnn_fedgsl_gcn,1,cora,3,64,0.5,1,0.25,0.0005,0.823725752,21665.2236,94,
,,,,,,,,,,,0.807994771,94 平均值,94,
0,fedgsl,gnn_fedgsl_gcn,1,cora,3,256,0.5,1,0.1,0.0005,0.817139421,435.2168731,173,
1,fedgsl,gnn_fedgsl_gcn,1,cora,3,256,0.5,1,0.1,0.0005,0.80515009,506.880125,173,
2,fedgsl,gnn_fedgsl_gcn,1,cora,3,256,0.5,1,0.1,0.0005,0.798657179,607.5363948,173,
3,fedgsl,gnn_fedgsl_gcn,1,cora,3,256,0.5,1,0.1,0.0005,0.793810852,846.7877957,173,
4,fedgsl,gnn_fedgsl_gcn,1,cora,3,256,0.5,1,0.1,0.0005,0.823787391,378.4673065,173,
,,,,,,,,,,,0.807708987,173 平均值,173,
0,fedgsl,gnn_fedgsl_gcn,1,cora,3,256,0,1,0.01,0,0.814033097,109.6099229,101,
1,fedgsl,gnn_fedgsl_gcn,1,cora,3,256,0,1,0.01,0,0.808453207,95.29714706,101,
2,fedgsl,gnn_fedgsl_gcn,1,cora,3,256,0,1,0.01,0,0.801960297,125.9239344,101,
3,fedgsl,gnn_fedgsl_gcn,1,cora,3,256,0,1,0.01,0,0.807818523,126.7400839,101,
4,fedgsl,gnn_fedgsl_gcn,1,cora,3,256,0,1,0.01,0,0.805800183,104.7954584,101,
,,,,,,,,,,,0.807613062,101 平均值,101,
0,fedgsl,gnn_fedgsl_gcn,1,cora,3,256,0.5,1,0.25,0.0005,0.805784774,9351.694215,190,
1,fedgsl,gnn_fedgsl_gcn,1,cora,3,256,0.5,1,0.25,0.0005,0.815111129,16055.93391,190,
2,fedgsl,gnn_fedgsl_gcn,1,cora,3,256,0.5,1,0.25,0.0005,0.803518917,17082.82896,190,
3,fedgsl,gnn_fedgsl_gcn,1,cora,3,256,0.5,1,0.25,0.0005,0.812448153,13436.91511,190,
4,fedgsl,gnn_fedgsl_gcn,1,cora,3,256,0.5,1,0.25,0.0005,0.800953856,17632.6675,190,
,,,,,,,,,,,0.807563366,190 平均值,190,
0,fedgsl,gnn_fedgsl_gcn,1,cora,3,256,0.5,1,0.1,0.0005,0.829361823,562.0061895,169,
1,fedgsl,gnn_fedgsl_gcn,1,cora,3,256,0.5,1,0.1,0.0005,0.787136558,581.3616438,169,
2,fedgsl,gnn_fedgsl_gcn,1,cora,3,256,0.5,1,0.1,0.0005,0.799895728,458.9432087,169,
3,fedgsl,gnn_fedgsl_gcn,1,cora,3,256,0.5,1,0.1,0.0005,0.820494225,348.0279329,169,
4,fedgsl,gnn_fedgsl_gcn,1,cora,3,256,0.5,1,0.1,0.0005,0.800225751,702.6107039,169,
,,,,,,,,,,,0.807422817,169 平均值,169,
0,fedgsl,gnn_fedgsl_gcn,1,cora,3,256,0,1,0.1,0.0005,0.81829097,1751.029938,120,
1,fedgsl,gnn_fedgsl_gcn,1,cora,3,256,0,1,0.1,0.0005,0.825433974,745.1552263,120,
2,fedgsl,gnn_fedgsl_gcn,1,cora,3,256,0,1,0.1,0.0005,0.785036675,3414.7841,120,
3,fedgsl,gnn_fedgsl_gcn,1,cora,3,256,0,1,0.1,0.0005,0.792277594,2940.623163,120,
4,fedgsl,gnn_fedgsl_gcn,1,cora,3,256,0,1,0.1,0.0005,0.814894431,1529.436968,120,
,,,,,,,,,,,0.807186729,120 平均值,120,
0,fedgsl,gnn_fedgsl_gcn,1,cora,3,64,0.5,1,0.25,0.0005,0.827523904,3162.348656,88,
1,fedgsl,gnn_fedgsl_gcn,1,cora,3,64,0.5,1,0.25,0.0005,0.782341916,12159.88746,88,
2,fedgsl,gnn_fedgsl_gcn,1,cora,3,64,0.5,1,0.25,0.0005,0.800355449,4796.069292,88,
3,fedgsl,gnn_fedgsl_gcn,1,cora,3,64,0.5,1,0.25,0.0005,0.824210835,8925.728291,88,
4,fedgsl,gnn_fedgsl_gcn,1,cora,3,64,0.5,1,0.25,0.0005,0.801465263,9503.568607,88,
,,,,,,,,,,,0.807179473,88 平均值,88,
0,fedgsl,gnn_fedgsl_gcn,1,cora,3,256,0,1,0.1,0.0005,0.781856834,4013.318178,125,
1,fedgsl,gnn_fedgsl_gcn,1,cora,3,256,0,1,0.1,0.0005,0.812726489,2756.354322,125,
2,fedgsl,gnn_fedgsl_gcn,1,cora,3,256,0,1,0.1,0.0005,0.807431357,1899.738748,125,
3,fedgsl,gnn_fedgsl_gcn,1,cora,3,256,0,1,0.1,0.0005,0.812509792,3038.596412,125,
4,fedgsl,gnn_fedgsl_gcn,1,cora,3,256,0,1,0.1,0.0005,0.820174154,1494.487936,125,
,,,,,,,,,,,0.806939725,125 平均值,125,
0,fedgsl,gnn_fedgsl_gcn,1,cora,3,64,0.5,1,0.1,0.0005,0.819002702,833.5619578,78,
1,fedgsl,gnn_fedgsl_gcn,1,cora,3,64,0.5,1,0.1,0.0005,0.804040276,2021.862065,78,
2,fedgsl,gnn_fedgsl_gcn,1,cora,3,64,0.5,1,0.1,0.0005,0.812623116,1384.10573,78,
3,fedgsl,gnn_fedgsl_gcn,1,cora,3,64,0.5,1,0.1,0.0005,0.802827089,1634.526221,78,
4,fedgsl,gnn_fedgsl_gcn,1,cora,3,64,0.5,1,0.1,0.0005,0.794677643,752.502857,78,
,,,,,,,,,,,0.806634165,78 平均值,78,
0,fedgsl,gnn_fedgsl_gcn,1,cora,3,256,0,1,0.25,0.0005,0.789077849,21072.61314,136,
1,fedgsl,gnn_fedgsl_gcn,1,cora,3,256,0,1,0.25,0.0005,0.833511828,22281.60129,136,
2,fedgsl,gnn_fedgsl_gcn,1,cora,3,256,0,1,0.25,0.0005,0.804030324,24874.2354,136,
3,fedgsl,gnn_fedgsl_gcn,1,cora,3,256,0,1,0.25,0.0005,0.812066444,23788.15864,136,
4,fedgsl,gnn_fedgsl_gcn,1,cora,3,256,0,1,0.25,0.0005,0.792494292,11889.176,136,
,,,,,,,,,,,0.806236147,136 平均值,136,
0,fedgsl,gnn_fedgsl_gcn,1,cora,3,64,0,1,0.1,0,0.813289583,1453.960934,18,
1,fedgsl,gnn_fedgsl_gcn,1,cora,3,64,0,1,0.1,0,0.813722979,1426.042347,18,
2,fedgsl,gnn_fedgsl_gcn,1,cora,3,64,0,1,0.1,0,0.819297411,1938.32606,18,
3,fedgsl,gnn_fedgsl_gcn,1,cora,3,64,0,1,0.1,0,0.816644387,986.6122381,18,
4,fedgsl,gnn_fedgsl_gcn,1,cora,3,64,0,1,0.1,0,0.767772115,1517.579947,18,
,,,,,,,,,,,0.806145295,18 平均值,18,
0,fedgsl,gnn_fedgsl_gcn,1,cora,3,256,0.5,1,0.25,0.0005,0.813263258,19450.76578,187,
1,fedgsl,gnn_fedgsl_gcn,1,cora,3,256,0.5,1,0.25,0.0005,0.780365311,13259.00392,187,
2,fedgsl,gnn_fedgsl_gcn,1,cora,3,256,0.5,1,0.25,0.0005,0.796540924,17001.72559,187,
3,fedgsl,gnn_fedgsl_gcn,1,cora,3,256,0.5,1,0.25,0.0005,0.806233579,14343.88566,187,
4,fedgsl,gnn_fedgsl_gcn,1,cora,3,256,0.5,1,0.25,0.0005,0.833635105,14622.361,187,
,,,,,,,,,,,0.806007635,187 平均值,187,
0,fedgsl,gnn_fedgsl_gcn,1,cora,3,64,0,1,0.1,0.0005,0.788349745,4769.679229,29,
1,fedgsl,gnn_fedgsl_gcn,1,cora,3,64,0,1,0.1,0.0005,0.833470094,904.2949606,29,
2,fedgsl,gnn_fedgsl_gcn,1,cora,3,64,0,1,0.1,0.0005,0.798857505,2864.045887,29,
3,fedgsl,gnn_fedgsl_gcn,1,cora,3,64,0,1,0.1,0.0005,0.799575657,2127.914351,29,
4,fedgsl,gnn_fedgsl_gcn,1,cora,3,64,0,1,0.1,0.0005,0.80941342,1299.479592,29,
,,,,,,,,,,,0.805933284,29 平均值,29,
0,fedgsl,gnn_fedgsl_gcn,1,cora,3,64,0.5,1,0.25,0,0.808598315,3882.410387,81,
1,fedgsl,gnn_fedgsl_gcn,1,cora,3,64,0.5,1,0.25,0,0.81118328,2645.703107,81,
2,fedgsl,gnn_fedgsl_gcn,1,cora,3,64,0.5,1,0.25,0,0.810533186,3657.787156,81,
3,fedgsl,gnn_fedgsl_gcn,1,cora,3,64,0.5,1,0.25,0,0.770337175,3183.791142,81,
4,fedgsl,gnn_fedgsl_gcn,1,cora,3,64,0.5,1,0.25,0,0.828128732,2691.799326,81,
,,,,,,,,,,,0.805756138,81 平均值,81,
0,fedgsl,gnn_fedgsl_gcn,1,cora,3,256,0.5,1,0.25,0.0005,0.81211813,18189.51786,191,
1,fedgsl,gnn_fedgsl_gcn,1,cora,3,256,0.5,1,0.25,0.0005,0.801960297,37269.71178,191,
2,fedgsl,gnn_fedgsl_gcn,1,cora,3,256,0.5,1,0.25,0.0005,0.78227482,12675.02646,191,
3,fedgsl,gnn_fedgsl_gcn,1,cora,3,256,0.5,1,0.25,0.0005,0.808731544,9809.693377,191,
4,fedgsl,gnn_fedgsl_gcn,1,cora,3,256,0.5,1,0.25,0.0005,0.821655726,10868.99708,191,
,,,,,,,,,,,0.805348103,191 平均值,191,
0,fedgsl,gnn_fedgsl_gcn,1,cora,3,64,0.5,1,0.25,0,0.812933235,2151.574758,80,
1,fedgsl,gnn_fedgsl_gcn,1,cora,3,64,0.5,1,0.25,0,0.810368174,1291.291391,80,
2,fedgsl,gnn_fedgsl_gcn,1,cora,3,64,0.5,1,0.25,0,0.781284752,6848.303583,80,
3,fedgsl,gnn_fedgsl_gcn,1,cora,3,64,0.5,1,0.25,0,0.823353995,3019.03554,80,
4,fedgsl,gnn_fedgsl_gcn,1,cora,3,64,0.5,1,0.25,0,0.794450994,1480.049412,80,
,,,,,,,,,,,0.80447823,80 平均值,80,
0,fedgsl,gnn_fedgsl_gcn,1,cora,3,256,0.5,1,0.25,0,0.819565795,4076.675089,177,
1,fedgsl,gnn_fedgsl_gcn,1,cora,3,256,0.5,1,0.25,0,0.797052331,4405.287114,177,
2,fedgsl,gnn_fedgsl_gcn,1,cora,3,256,0.5,1,0.25,0,0.803431916,3449.541238,177,
3,fedgsl,gnn_fedgsl_gcn,1,cora,3,256,0.5,1,0.25,0,0.776881772,4167.244644,177,
4,fedgsl,gnn_fedgsl_gcn,1,cora,3,256,0.5,1,0.25,0,0.824479219,1849.602429,177,
,,,,,,,,,,,0.804282207,177 平均值,177,
0,fedgsl,gnn_fedgsl_gcn,1,cora,3,256,0.5,1,0.25,0.0005,0.787977987,8703.998533,186,
1,fedgsl,gnn_fedgsl_gcn,1,cora,3,256,0.5,1,0.25,0.0005,0.828313648,13951.16926,186,
2,fedgsl,gnn_fedgsl_gcn,1,cora,3,256,0.5,1,0.25,0.0005,0.815751271,20638.24103,186,
3,fedgsl,gnn_fedgsl_gcn,1,cora,3,256,0.5,1,0.25,0.0005,0.794884389,44501.67875,186,
4,fedgsl,gnn_fedgsl_gcn,1,cora,3,256,0.5,1,0.25,0.0005,0.793914225,13880.69149,186,
,,,,,,,,,,,0.804168304,186 平均值,186,
0,fedgsl,gnn_fedgsl_gcn,1,cora,3,256,0,1,0.25,0.0005,0.791064407,115755.4726,143,
1,fedgsl,gnn_fedgsl_gcn,1,cora,3,256,0,1,0.25,0.0005,0.807405032,148657.9875,143,
2,fedgsl,gnn_fedgsl_gcn,1,cora,3,256,0,1,0.25,0.0005,0.801655636,72395.20969,143,
3,fedgsl,gnn_fedgsl_gcn,1,cora,3,256,0,1,0.25,0.0005,0.78395768,120527.2169,143,
4,fedgsl,gnn_fedgsl_gcn,1,cora,3,256,0,1,0.25,0.0005,0.836261804,53730.85,143,
,,,,,,,,,,,0.804068912,143 平均值,143,
0,fedgsl,gnn_fedgsl_gcn,1,cora,3,64,0,1,0.1,0,0.795033991,1858.190142,22,
1,fedgsl,gnn_fedgsl_gcn,1,cora,3,64,0,1,0.1,0,0.811477989,629.1361072,22,
2,fedgsl,gnn_fedgsl_gcn,1,cora,3,64,0,1,0.1,0,0.800190437,1525.197532,22,
3,fedgsl,gnn_fedgsl_gcn,1,cora,3,64,0,1,0.1,0,0.803328544,1015.401348,22,
4,fedgsl,gnn_fedgsl_gcn,1,cora,3,64,0,1,0.1,0,0.809846815,1962.817561,22,
,,,,,,,,,,,0.803975555,22 平均值,22,
0,fedgsl,gnn_fedgsl_gcn,1,cora,3,64,0.5,1,0.1,0.0005,0.782011894,3643.194866,79,
1,fedgsl,gnn_fedgsl_gcn,1,cora,3,64,0.5,1,0.1,0.0005,0.810543138,600.8870487,79,
2,fedgsl,gnn_fedgsl_gcn,1,cora,3,64,0.5,1,0.1,0.0005,0.806744986,1054.698517,79,
3,fedgsl,gnn_fedgsl_gcn,1,cora,3,64,0.5,1,0.1,0.0005,0.821021042,1429.744251,79,
4,fedgsl,gnn_fedgsl_gcn,1,cora,3,64,0.5,1,0.1,0.0005,0.797397764,800.9966119,79,
,,,,,,,,,,,0.803543765,79 平均值,79,
0,fedgsl,gnn_fedgsl_gcn,1,cora,3,64,0,1,0.25,0.0005,0.793082747,127309.551,46,
1,fedgsl,gnn_fedgsl_gcn,1,cora,3,64,0,1,0.25,0.0005,0.814016725,72071.10235,46,
2,fedgsl,gnn_fedgsl_gcn,1,cora,3,64,0,1,0.25,0.0005,0.800530412,108423.5489,46,
3,fedgsl,gnn_fedgsl_gcn,1,cora,3,64,0,1,0.25,0.0005,0.777851937,158923.7999,46,
4,fedgsl,gnn_fedgsl_gcn,1,cora,3,64,0,1,0.25,0.0005,0.827193881,56954.46332,46,
,,,,,,,,,,,0.80253514,46 平均值,46,
0,fedgsl,gnn_fedgsl_gcn,1,cora,3,64,0,1,0.1,0.0005,0.771514086,9331.980972,30,
1,fedgsl,gnn_fedgsl_gcn,1,cora,3,64,0,1,0.1,0.0005,0.80430866,9831.80844,30,
2,fedgsl,gnn_fedgsl_gcn,1,cora,3,64,0,1,0.1,0.0005,0.816385955,5853.482073,30,
3,fedgsl,gnn_fedgsl_gcn,1,cora,3,64,0,1,0.1,0.0005,0.811973023,4658.998296,30,
4,fedgsl,gnn_fedgsl_gcn,1,cora,3,64,0,1,0.1,0.0005,0.808251919,4800.933902,30,
,,,,,,,,,,,0.802486728,30 平均值,30,
0,fedgsl,gnn_fedgsl_gcn,1,cora,3,64,0,1,0.1,0,0.811054545,1174.284251,21,
1,fedgsl,gnn_fedgsl_gcn,1,cora,3,64,0,1,0.1,0,0.794982305,1168.865221,21,
2,fedgsl,gnn_fedgsl_gcn,1,cora,3,64,0,1,0.1,0,0.820587646,493.0860926,21,
3,fedgsl,gnn_fedgsl_gcn,1,cora,3,64,0,1,0.1,0,0.790057966,1555.938914,21,
4,fedgsl,gnn_fedgsl_gcn,1,cora,3,64,0,1,0.1,0,0.794574271,1479.371746,21,
,,,,,,,,,,,0.802251346,21 平均值,21,
0,fedgsl,gnn_fedgsl_gcn,1,cora,3,64,0,1,0.25,0.0005,0.789191174,174759.2716,47,
1,fedgsl,gnn_fedgsl_gcn,1,cora,3,64,0,1,0.25,0.0005,0.803926951,105128.6486,47,
2,fedgsl,gnn_fedgsl_gcn,1,cora,3,64,0,1,0.25,0.0005,0.789129536,84265.84024,47,
3,fedgsl,gnn_fedgsl_gcn,1,cora,3,64,0,1,0.25,0.0005,0.782956696,134539.0278,47,
4,fedgsl,gnn_fedgsl_gcn,1,cora,3,64,0,1,0.25,0.0005,0.845614485,60287.06429,47,
,,,,,,,,,,,0.802163768,47 平均值,47,
0,fedgsl,gnn_fedgsl_gcn,1,cora,3,256,0.5,1,0.1,0.0005,0.818342656,950.9446373,168,
1,fedgsl,gnn_fedgsl_gcn,1,cora,3,256,0.5,1,0.1,0.0005,0.805175451,837.8861809,168,
2,fedgsl,gnn_fedgsl_gcn,1,cora,3,256,0.5,1,0.1,0.0005,0.803988589,507.1445224,168,
3,fedgsl,gnn_fedgsl_gcn,1,cora,3,256,0.5,1,0.1,0.0005,0.782671939,678.2497583,168,
4,fedgsl,gnn_fedgsl_gcn,1,cora,3,256,0.5,1,0.1,0.0005,0.797227295,325.9265618,168,
,,,,,,,,,,,0.801481186,168 平均值,168,
0,fedgsl,gnn_fedgsl_gcn,1,cora,3,64,0.5,1,0.1,0.0005,0.799472285,732.8869043,75,
1,fedgsl,gnn_fedgsl_gcn,1,cora,3,64,0.5,1,0.1,0.0005,0.787569953,1455.801012,75,
2,fedgsl,gnn_fedgsl_gcn,1,cora,3,64,0.5,1,0.1,0.0005,0.812943187,847.172071,75,
3,fedgsl,gnn_fedgsl_gcn,1,cora,3,64,0.5,1,0.1,0.0005,0.787111196,1081.740312,75,
4,fedgsl,gnn_fedgsl_gcn,1,cora,3,64,0.5,1,0.1,0.0005,0.818620993,1716.534609,75,
,,,,,,,,,,,0.801143523,75 平均值,75,
0,fedgsl,gnn_fedgsl_gcn,1,cora,3,64,0,1,0.25,0.0005,0.799782403,192475.0927,42,
1,fedgsl,gnn_fedgsl_gcn,1,cora,3,64,0,1,0.25,0.0005,0.810471547,67772.29832,42,
2,fedgsl,gnn_fedgsl_gcn,1,cora,3,64,0,1,0.25,0.0005,0.78467487,154396.6696,42,
3,fedgsl,gnn_fedgsl_gcn,1,cora,3,64,0,1,0.25,0.0005,0.821506124,69290.57613,42,
4,fedgsl,gnn_fedgsl_gcn,1,cora,3,64,0,1,0.25,0.0005,0.78774588,52746.71779,42,
,,,,,,,,,,,0.800836165,42 平均值,42,
0,fedgsl,gnn_fedgsl_gcn,1,cora,3,64,0.5,1,0.25,0,0.81861104,2679.936317,85,
1,fedgsl,gnn_fedgsl_gcn,1,cora,3,64,0.5,1,0.25,0,0.795493712,2615.004916,85,
2,fedgsl,gnn_fedgsl_gcn,1,cora,3,64,0.5,1,0.25,0,0.788861152,2229.430727,85,
3,fedgsl,gnn_fedgsl_gcn,1,cora,3,64,0.5,1,0.25,0,0.823008563,2070.056487,85,
4,fedgsl,gnn_fedgsl_gcn,1,cora,3,64,0.5,1,0.25,0,0.777470227,3726.209575,85,
,,,,,,,,,,,0.800688939,85 平均值,85,
0,fedgsl,gnn_fedgsl_gcn,1,cora,3,256,0,1,0.25,0.0005,0.795839144,5808.362199,137,
1,fedgsl,gnn_fedgsl_gcn,1,cora,3,256,0,1,0.25,0.0005,0.816391412,33563.3641,137,
2,fedgsl,gnn_fedgsl_gcn,1,cora,3,256,0,1,0.25,0.0005,0.817346167,31338.41508,137,
3,fedgsl,gnn_fedgsl_gcn,1,cora,3,256,0,1,0.25,0.0005,0.792736352,35782.61107,137,
4,fedgsl,gnn_fedgsl_gcn,1,cora,3,256,0,1,0.25,0.0005,0.779508471,109947.0941,137,
,,,,,,,,,,,0.800364309,137 平均值,137,
0,fedgsl,gnn_fedgsl_gcn,1,cora,3,256,0,1,0.1,0,0.806961684,818.1776617,115,
1,fedgsl,gnn_fedgsl_gcn,1,cora,3,256,0,1,0.1,0,0.815482886,3485.697883,115,
2,fedgsl,gnn_fedgsl_gcn,1,cora,3,256,0,1,0.1,0,0.79850212,2374.702972,115,
3,fedgsl,gnn_fedgsl_gcn,1,cora,3,256,0,1,0.1,0,0.793759166,6716.069122,115,
4,fedgsl,gnn_fedgsl_gcn,1,cora,3,256,0,1,0.1,0,0.786383091,5645.00714,115,
,,,,,,,,,,,0.800217789,115 平均值,115,
0,fedgsl,gnn_fedgsl_gcn,1,cora,3,64,0.5,1,0.25,0,0.794817293,16722.06422,82,
1,fedgsl,gnn_fedgsl_gcn,1,cora,3,64,0.5,1,0.25,0,0.777851937,4972.018072,82,
2,fedgsl,gnn_fedgsl_gcn,1,cora,3,64,0.5,1,0.25,0,0.809145035,11810.9228,82,
3,fedgsl,gnn_fedgsl_gcn,1,cora,3,64,0.5,1,0.25,0,0.816071341,5370.989285,82,
4,fedgsl,gnn_fedgsl_gcn,1,cora,3,64,0.5,1,0.25,0,0.801960297,13679.9343,82,
,,,,,,,,,,,0.799969181,82 平均值,82,
0,fedgsl,gnn_fedgsl_gcn,1,cora,3,64,0.5,1,0.25,0.0005,0.801387252,14561.82269,90,
1,fedgsl,gnn_fedgsl_gcn,1,cora,3,64,0.5,1,0.25,0.0005,0.761676323,9558.763602,90,
2,fedgsl,gnn_fedgsl_gcn,1,cora,3,64,0.5,1,0.25,0.0005,0.817139421,19662.71195,90,
3,fedgsl,gnn_fedgsl_gcn,1,cora,3,64,0.5,1,0.25,0.0005,0.823317718,14279.94656,90,
4,fedgsl,gnn_fedgsl_gcn,1,cora,3,64,0.5,1,0.25,0.0005,0.792979374,18551.10802,90,
,,,,,,,,,,,0.799300018,90 平均值,90,
0,fedgsl,gnn_fedgsl_gcn,1,cora,3,64,0,1,0.25,0.0005,0.814259747,53143.03765,43,
1,fedgsl,gnn_fedgsl_gcn,1,cora,3,64,0,1,0.25,0.0005,0.793985815,169712.7504,43,
2,fedgsl,gnn_fedgsl_gcn,1,cora,3,64,0,1,0.25,0.0005,0.791064407,122571.8473,43,
3,fedgsl,gnn_fedgsl_gcn,1,cora,3,64,0,1,0.25,0.0005,0.81907975,70544.24335,43,
4,fedgsl,gnn_fedgsl_gcn,1,cora,3,64,0,1,0.25,0.0005,0.777521914,95623.60059,43,
,,,,,,,,,,,0.799182327,43 平均值,43,
0,fedgsl,gnn_fedgsl_gcn,1,cora,3,256,0,1,0.1,0,0.817547455,1802.67037,118,
1,fedgsl,gnn_fedgsl_gcn,1,cora,3,256,0,1,0.1,0,0.798337109,5082.328678,118,
2,fedgsl,gnn_fedgsl_gcn,1,cora,3,256,0,1,0.1,0,0.7954157,1527.816287,118,
3,fedgsl,gnn_fedgsl_gcn,1,cora,3,256,0,1,0.1,0,0.802497066,1264.446858,118,
4,fedgsl,gnn_fedgsl_gcn,1,cora,3,256,0,1,0.1,0,0.781701775,1679.679293,118,
,,,,,,,,,,,0.799099821,118 平均值,118,
0,fedgsl,gnn_fedgsl_gcn,1,cora,3,256,0,1,0.1,0,0.796065794,2277.702341,114,
1,fedgsl,gnn_fedgsl_gcn,1,cora,3,256,0,1,0.1,0,0.796092119,1580.169282,114,
2,fedgsl,gnn_fedgsl_gcn,1,cora,3,256,0,1,0.1,0,0.810584872,2360.219617,114,
3,fedgsl,gnn_fedgsl_gcn,1,cora,3,256,0,1,0.1,0,0.792789001,2083.537714,114,
4,fedgsl,gnn_fedgsl_gcn,1,cora,3,256,0,1,0.1,0,0.79935896,1844.44336,114,
,,,,,,,,,,,0.798978149,114 平均值,114,
0,fedgsl,gnn_fedgsl_gcn,1,cora,3,64,0,1,0.1,0.0005,0.796489238,8083.438544,26,
1,fedgsl,gnn_fedgsl_gcn,1,cora,3,64,0,1,0.1,0.0005,0.811813469,4520.26394,26,
2,fedgsl,gnn_fedgsl_gcn,1,cora,3,64,0,1,0.1,0.0005,0.807456718,4149.194562,26,
3,fedgsl,gnn_fedgsl_gcn,1,cora,3,64,0,1,0.1,0.0005,0.79509563,8124.04402,26,
4,fedgsl,gnn_fedgsl_gcn,1,cora,3,64,0,1,0.1,0.0005,0.783028287,9852.864452,26,
,,,,,,,,,,,0.798776668,26 平均值,26,
0,fedgsl,gnn_fedgsl_gcn,1,cora,3,256,0,1,0.1,0.0005,0.786104755,12759.8638,126,
1,fedgsl,gnn_fedgsl_gcn,1,cora,3,256,0,1,0.1,0.0005,0.821774508,1299.426627,126,
2,fedgsl,gnn_fedgsl_gcn,1,cora,3,256,0,1,0.1,0.0005,0.785567986,6492.306953,126,
3,fedgsl,gnn_fedgsl_gcn,1,cora,3,256,0,1,0.1,0.0005,0.803658566,5735.700714,126,
4,fedgsl,gnn_fedgsl_gcn,1,cora,3,256,0,1,0.1,0.0005,0.792536026,4229.638367,126,
,,,,,,,,,,,0.797928368,126 平均值,126,
0,fedgsl,gnn_fedgsl_gcn,1,cora,3,256,0.5,1,0.25,0,0.798162145,7908.756378,179,
1,fedgsl,gnn_fedgsl_gcn,1,cora,3,256,0.5,1,0.25,0,0.813774665,7554.586906,179,
2,fedgsl,gnn_fedgsl_gcn,1,cora,3,256,0.5,1,0.25,0,0.791999258,11843.44813,179,
3,fedgsl,gnn_fedgsl_gcn,1,cora,3,256,0.5,1,0.25,0,0.780123251,18218.54596,179,
4,fedgsl,gnn_fedgsl_gcn,1,cora,3,256,0.5,1,0.25,0,0.803338496,15095.13148,179,
,,,,,,,,,,,0.797479563,179 平均值,179,
0,fedgsl,gnn_fedgsl_gcn,1,cora,3,256,0,1,0.25,0.0005,0.799957367,108641.7285,139,
1,fedgsl,gnn_fedgsl_gcn,1,cora,3,256,0,1,0.25,0.0005,0.800649195,129765.4065,139,
2,fedgsl,gnn_fedgsl_gcn,1,cora,3,256,0,1,0.25,0.0005,0.806615288,76878.33978,139,
3,fedgsl,gnn_fedgsl_gcn,1,cora,3,256,0,1,0.25,0.0005,0.804907067,64991.03568,139,
4,fedgsl,gnn_fedgsl_gcn,1,cora,3,256,0,1,0.25,0.0005,0.772380877,218812.7124,139,
,,,,,,,,,,,0.796901959,139 平均值,139,
0,fedgsl,gnn_fedgsl_gcn,1,cora,3,64,0,1,0.1,0,0.791689139,2431.817213,23,
1,fedgsl,gnn_fedgsl_gcn,1,cora,3,64,0,1,0.1,0,0.80276545,2826.84473,23,
2,fedgsl,gnn_fedgsl_gcn,1,cora,3,64,0,1,0.1,0,0.80562522,2278.410879,23,
3,fedgsl,gnn_fedgsl_gcn,1,cora,3,64,0,1,0.1,0,0.792633942,1978.833467,23,
4,fedgsl,gnn_fedgsl_gcn,1,cora,3,64,0,1,0.1,0,0.791462489,2533.371795,23,
,,,,,,,,,,,0.796835248,23 平均值,23,
0,fedgsl,gnn_fedgsl_gcn,1,cora,3,64,0.5,1,0.25,0.0005,0.791446116,4780.988158,92,
1,fedgsl,gnn_fedgsl_gcn,1,cora,3,64,0.5,1,0.25,0.0005,0.772617479,7852.275152,92,
2,fedgsl,gnn_fedgsl_gcn,1,cora,3,64,0.5,1,0.25,0.0005,0.832143582,6918.209016,92,
3,fedgsl,gnn_fedgsl_gcn,1,cora,3,64,0.5,1,0.25,0.0005,0.794584223,8215.185719,92,
4,fedgsl,gnn_fedgsl_gcn,1,cora,3,64,0.5,1,0.25,0.0005,0.788628081,3535.968229,92,
,,,,,,,,,,,0.795883896,92 平均值,92,
0,fedgsl,gnn_fedgsl_gcn,1,cora,3,256,0,1,0.1,0.0005,0.796437551,9175.979312,123,
1,fedgsl,gnn_fedgsl_gcn,1,cora,3,256,0,1,0.1,0.0005,0.836494875,4052.495692,123,
2,fedgsl,gnn_fedgsl_gcn,1,cora,3,256,0,1,0.1,0.0005,0.76597593,9452.367057,123,
3,fedgsl,gnn_fedgsl_gcn,1,cora,3,256,0,1,0.1,0.0005,0.78404468,9155.875301,123,
4,fedgsl,gnn_fedgsl_gcn,1,cora,3,256,0,1,0.1,0.0005,0.79387249,8668.632409,123,
,,,,,,,,,,,0.795365105,123 平均值,123,
0,fedgsl,gnn_fedgsl_gcn,1,cora,3,64,0.5,1,0.1,0.0005,0.77564226,1204.768104,74,
1,fedgsl,gnn_fedgsl_gcn,1,cora,3,64,0.5,1,0.1,0.0005,0.803260484,1016.141747,74,
2,fedgsl,gnn_fedgsl_gcn,1,cora,3,64,0.5,1,0.1,0.0005,0.802393693,1151.683628,74,
3,fedgsl,gnn_fedgsl_gcn,1,cora,3,64,0.5,1,0.1,0.0005,0.800174065,1895.562374,74,
4,fedgsl,gnn_fedgsl_gcn,1,cora,3,64,0.5,1,0.1,0.0005,0.792164269,688.2939953,74,
,,,,,,,,,,,0.794726954,74 平均值,74,
0,fedgsl,gnn_fedgsl_gcn,1,cora,3,64,0,1,0.25,0,0.798058772,7356.269576,32,
1,fedgsl,gnn_fedgsl_gcn,1,cora,3,64,0,1,0.25,0,0.819807855,2526.006352,32,
2,fedgsl,gnn_fedgsl_gcn,1,cora,3,64,0,1,0.25,0,0.756969646,1387.891516,32,
3,fedgsl,gnn_fedgsl_gcn,1,cora,3,64,0,1,0.25,0,0.799947415,2811.797158,32,
4,fedgsl,gnn_fedgsl_gcn,1,cora,3,64,0,1,0.25,0,0.794677643,4446.534335,32,
,,,,,,,,,,,0.793892266,32 平均值,32,
0,fedgsl,gnn_fedgsl_gcn,1,cora,3,64,0,1,0.25,0,0.796427599,3925.549467,36,
1,fedgsl,gnn_fedgsl_gcn,1,cora,3,64,0,1,0.25,0,0.794677643,2437.217052,36,
2,fedgsl,gnn_fedgsl_gcn,1,cora,3,64,0,1,0.25,0,0.786001382,6154.7075,36,
3,fedgsl,gnn_fedgsl_gcn,1,cora,3,64,0,1,0.25,0,0.777062193,3320.037882,36,
4,fedgsl,gnn_fedgsl_gcn,1,cora,3,64,0,1,0.25,0,0.812917826,2621.633936,36,
,,,,,,,,,,,0.793417329,36 平均值,36,
0,fedgsl,gnn_fedgsl_gcn,1,cora,3,256,0,1,0.1,0,0.791410803,1736.062726,119,
1,fedgsl,gnn_fedgsl_gcn,1,cora,3,256,0,1,0.1,0,0.794130923,1625.421597,119,
2,fedgsl,gnn_fedgsl_gcn,1,cora,3,256,0,1,0.1,0,0.778058682,4016.665798,119,
3,fedgsl,gnn_fedgsl_gcn,1,cora,3,256,0,1,0.1,0,0.794610547,3532.092779,119,
4,fedgsl,gnn_fedgsl_gcn,1,cora,3,256,0,1,0.1,0,0.808546628,1416.30509,119,
,,,,,,,,,,,0.793351517,119 平均值,119,
0,fedgsl,gnn_fedgsl_gcn,1,cora,3,256,0,1,0.25,0.0005,0.786471054,103568.5619,142,
1,fedgsl,gnn_fedgsl_gcn,1,cora,3,256,0,1,0.25,0.0005,0.802574114,43156.92346,142,
2,fedgsl,gnn_fedgsl_gcn,1,cora,3,256,0,1,0.25,0.0005,0.789495836,100082.0541,142,
3,fedgsl,gnn_fedgsl_gcn,1,cora,3,256,0,1,0.25,0.0005,0.765995834,157381.6038,142,
4,fedgsl,gnn_fedgsl_gcn,1,cora,3,256,0,1,0.25,0.0005,0.819524061,96702.29152,142,
,,,,,,,,,,,0.79281218,142 平均值,142,
0,fedgsl,gnn_fedgsl_gcn,1,cora,3,256,0,1,0.1,0.0005,0.792494292,12355.50892,127,
1,fedgsl,gnn_fedgsl_gcn,1,cora,3,256,0,1,0.1,0.0005,0.787266255,10518.09115,127,
2,fedgsl,gnn_fedgsl_gcn,1,cora,3,256,0,1,0.1,0.0005,0.813289583,3528.234087,127,
3,fedgsl,gnn_fedgsl_gcn,1,cora,3,256,0,1,0.1,0.0005,0.781025357,10916.73896,127,
4,fedgsl,gnn_fedgsl_gcn,1,cora,3,256,0,1,0.1,0.0005,0.789449607,8221.839802,127,
,,,,,,,,,,,0.792705019,127 平均值,127,
0,fedgsl,gnn_fedgsl_gcn,1,cora,3,256,0,1,0.1,0.0005,0.767224431,6139.806497,124,
1,fedgsl,gnn_fedgsl_gcn,1,cora,3,256,0,1,0.1,0.0005,0.812587803,1149.959601,124,
2,fedgsl,gnn_fedgsl_gcn,1,cora,3,256,0,1,0.1,0.0005,0.776328631,3926.266283,124,
3,fedgsl,gnn_fedgsl_gcn,1,cora,3,256,0,1,0.1,0.0005,0.800035378,1814.271896,124,
4,fedgsl,gnn_fedgsl_gcn,1,cora,3,256,0,1,0.1,0.0005,0.80360688,1561.472887,124,
,,,,,,,,,,,0.791956624,124 平均值,124,
0,fedgsl,gnn_fedgsl_gcn,1,cora,3,64,0,1,0.1,0.0005,0.795674133,2833.403078,25,
1,fedgsl,gnn_fedgsl_gcn,1,cora,3,64,0,1,0.1,0.0005,0.802497066,2311.743911,25,
2,fedgsl,gnn_fedgsl_gcn,1,cora,3,64,0,1,0.1,0.0005,0.785402975,2883.618426,25,
3,fedgsl,gnn_fedgsl_gcn,1,cora,3,64,0,1,0.1,0.0005,0.781773365,5694.356709,25,
4,fedgsl,gnn_fedgsl_gcn,1,cora,3,64,0,1,0.1,0.0005,0.793810852,2057.017283,25,
,,,,,,,,,,,0.791831678,25 平均值,25,
0,fedgsl,gnn_fedgsl_gcn,1,cora,3,256,0.5,1,0.25,0,0.82278095,1519.055676,176,
1,fedgsl,gnn_fedgsl_gcn,1,cora,3,256,0.5,1,0.25,0,0.74656879,2748.286702,176,
2,fedgsl,gnn_fedgsl_gcn,1,cora,3,256,0.5,1,0.25,0,0.791106142,3413.106551,176,
3,fedgsl,gnn_fedgsl_gcn,1,cora,3,256,0.5,1,0.25,0,0.810931268,3559.510521,176,
4,fedgsl,gnn_fedgsl_gcn,1,cora,3,256,0.5,1,0.25,0,0.785774732,1771.189803,176,
,,,,,,,,,,,0.791432376,176 平均值,176,
0,fedgsl,gnn_fedgsl_gcn,1,cora,3,64,0,1,0.1,0.0005,0.819859541,3761.004665,27,
1,fedgsl,gnn_fedgsl_gcn,1,cora,3,64,0,1,0.1,0.0005,0.788055035,7659.506037,27,
2,fedgsl,gnn_fedgsl_gcn,1,cora,3,64,0,1,0.1,0.0005,0.783096346,6342.757806,27,
3,fedgsl,gnn_fedgsl_gcn,1,cora,3,64,0,1,0.1,0.0005,0.770842162,18220.84643,27,
4,fedgsl,gnn_fedgsl_gcn,1,cora,3,64,0,1,0.1,0.0005,0.794089188,12048.21186,27,
,,,,,,,,,,,0.791188455,27 平均值,27,
0,fedgsl,gnn_fedgsl_gcn,1,cora,3,64,0,1,0.25,0.0005,0.806181893,41005.74661,40,
1,fedgsl,gnn_fedgsl_gcn,1,cora,3,64,0,1,0.25,0.0005,0.768230872,45769.36306,40,
2,fedgsl,gnn_fedgsl_gcn,1,cora,3,64,0,1,0.25,0.0005,0.807220116,16001.12876,40,
3,fedgsl,gnn_fedgsl_gcn,1,cora,3,64,0,1,0.25,0.0005,0.783549646,21627.2859,40,
4,fedgsl,gnn_fedgsl_gcn,1,cora,3,64,0,1,0.25,0.0005,0.775885283,35016.40727,40,
,,,,,,,,,,,0.788213562,40 平均值,40,
0,fedgsl,gnn_fedgsl_gcn,1,cora,3,64,0,1,0.25,0.0005,0.787111196,35224.17577,45,
1,fedgsl,gnn_fedgsl_gcn,1,cora,3,64,0,1,0.25,0.0005,0.765810919,49666.56261,45,
2,fedgsl,gnn_fedgsl_gcn,1,cora,3,64,0,1,0.25,0.0005,0.789547522,19813.77477,45,
3,fedgsl,gnn_fedgsl_gcn,1,cora,3,64,0,1,0.25,0.0005,0.800329124,60201.69405,45,
4,fedgsl,gnn_fedgsl_gcn,1,cora,3,64,0,1,0.25,0.0005,0.798084134,42040.51446,45,
,,,,,,,,,,,0.788176579,45 平均值,45,
0,fedgsl,gnn_fedgsl_gcn,1,cora,3,64,0,1,0.25,0,0.785671359,28875.77134,39,
1,fedgsl,gnn_fedgsl_gcn,1,cora,3,64,0,1,0.25,0,0.792907784,7710.25978,39,
2,fedgsl,gnn_fedgsl_gcn,1,cora,3,64,0,1,0.25,0,0.773258584,43767.51401,39,
3,fedgsl,gnn_fedgsl_gcn,1,cora,3,64,0,1,0.25,0,0.804386671,15065.50084,39,
4,fedgsl,gnn_fedgsl_gcn,1,cora,3,64,0,1,0.25,0,0.784179835,39225.23626,39,
,,,,,,,,,,,0.788080847,39 平均值,39,
0,fedgsl,gnn_fedgsl_gcn,1,cora,3,64,0.5,1,0.25,0,0.76705942,5418.510375,83,
1,fedgsl,gnn_fedgsl_gcn,1,cora,3,64,0.5,1,0.25,0,0.788706092,10039.93246,83,
2,fedgsl,gnn_fedgsl_gcn,1,cora,3,64,0.5,1,0.25,0,0.799880319,14035.17404,83,
3,fedgsl,gnn_fedgsl_gcn,1,cora,3,64,0.5,1,0.25,0,0.7855163,20818.61757,83,
4,fedgsl,gnn_fedgsl_gcn,1,cora,3,64,0.5,1,0.25,0,0.794409259,22941.12664,83,
,,,,,,,,,,,0.787114278,83 平均值,83,
0,fedgsl,gnn_fedgsl_gcn,1,cora,3,64,0,1,0.25,0,0.781155054,7106.641598,37,
1,fedgsl,gnn_fedgsl_gcn,1,cora,3,64,0,1,0.25,0,0.803348448,2172.846464,37,
2,fedgsl,gnn_fedgsl_gcn,1,cora,3,64,0,1,0.25,0,0.771612001,4296.770838,37,
3,fedgsl,gnn_fedgsl_gcn,1,cora,3,64,0,1,0.25,0,0.783834403,3014.298452,37,
4,fedgsl,gnn_fedgsl_gcn,1,cora,3,64,0,1,0.25,0,0.794192561,1839.636866,37,
,,,,,,,,,,,0.786828493,37 平均值,37,
0,fedgsl,gnn_fedgsl_gcn,1,cora,3,256,0.5,1,0.25,0,0.763740892,1860.358967,180,
1,fedgsl,gnn_fedgsl_gcn,1,cora,3,256,0.5,1,0.25,0,0.810827895,1498.373292,180,
2,fedgsl,gnn_fedgsl_gcn,1,cora,3,256,0.5,1,0.25,0,0.804525358,2767.746837,180,
3,fedgsl,gnn_fedgsl_gcn,1,cora,3,256,0.5,1,0.25,0,0.804179925,3850.46238,180,
4,fedgsl,gnn_fedgsl_gcn,1,cora,3,256,0.5,1,0.25,0,0.74872678,1691.807266,180,
,,,,,,,,,,,0.78640017,180 平均值,180,
0,fedgsl,gnn_fedgsl_gcn,1,cora,3,256,0,1,0.25,0,0.801960297,4708.155766,129,
1,fedgsl,gnn_fedgsl_gcn,1,cora,3,256,0,1,0.25,0,0.813263258,3743.954316,129,
2,fedgsl,gnn_fedgsl_gcn,1,cora,3,256,0,1,0.25,0,0.792319329,6848.786817,129,
3,fedgsl,gnn_fedgsl_gcn,1,cora,3,256,0,1,0.25,0,0.76087117,27390.13415,129,
4,fedgsl,gnn_fedgsl_gcn,1,cora,3,256,0,1,0.25,0,0.761624637,10333.91288,129,
,,,,,,,,,,,0.786007738,129 平均值,129,
0,fedgsl,gnn_fedgsl_gcn,1,cora,3,256,0.5,1,0.25,0.0005,0.803457278,7342.149316,185,
1,fedgsl,gnn_fedgsl_gcn,1,cora,3,256,0.5,1,0.25,0.0005,0.794399307,3686.749502,185,
2,fedgsl,gnn_fedgsl_gcn,1,cora,3,256,0.5,1,0.25,0.0005,0.783054612,11202.51175,185,
3,fedgsl,gnn_fedgsl_gcn,1,cora,3,256,0.5,1,0.25,0.0005,0.770822258,6558.34062,185,
4,fedgsl,gnn_fedgsl_gcn,1,cora,3,256,0.5,1,0.25,0.0005,0.771585676,7508.180982,185,
,,,,,,,,,,,0.784663826,185 平均值,185,
0,fedgsl,gnn_fedgsl_gcn,1,cora,3,64,0.5,1,0.25,0,0.789077849,19258.26271,87,
1,fedgsl,gnn_fedgsl_gcn,1,cora,3,64,0.5,1,0.25,0,0.792060896,15140.19664,87,
2,fedgsl,gnn_fedgsl_gcn,1,cora,3,64,0.5,1,0.25,0,0.754698331,28245.49405,87,
3,fedgsl,gnn_fedgsl_gcn,1,cora,3,64,0.5,1,0.25,0,0.772530479,15601.33594,87,
4,fedgsl,gnn_fedgsl_gcn,1,cora,3,64,0.5,1,0.25,0,0.798734228,15469.94786,87,
,,,,,,,,,,,0.781420357,87 平均值,87,
0,fedgsl,gnn_fedgsl_gcn,1,cora,3,256,0,1,0.25,0,0.781459715,17374.29124,135,
1,fedgsl,gnn_fedgsl_gcn,1,cora,3,256,0,1,0.25,0,0.804567092,14230.8903,135,
2,fedgsl,gnn_fedgsl_gcn,1,cora,3,256,0,1,0.25,0,0.765665811,34907.9565,135,
3,fedgsl,gnn_fedgsl_gcn,1,cora,3,256,0,1,0.25,0,0.771508628,9629.226383,135,
4,fedgsl,gnn_fedgsl_gcn,1,cora,3,256,0,1,0.25,0,0.776995097,14395.43769,135,
,,,,,,,,,,,0.780039269,135 平均值,135,
0,fedgsl,gnn_fedgsl_gcn,1,cora,3,256,0.5,1,0.25,0,0.796525514,20553.66991,183,
1,fedgsl,gnn_fedgsl_gcn,1,cora,3,256,0.5,1,0.25,0,0.781960207,23543.36087,183,
2,fedgsl,gnn_fedgsl_gcn,1,cora,3,256,0.5,1,0.25,0,0.764892441,7016.384583,183,
3,fedgsl,gnn_fedgsl_gcn,1,cora,3,256,0.5,1,0.25,0,0.77448718,21423.5615,183,
4,fedgsl,gnn_fedgsl_gcn,1,cora,3,256,0.5,1,0.25,0,0.775173551,11837.05462,183,
,,,,,,,,,,,0.778607779,183 平均值,183,
0,fedgsl,gnn_fedgsl_gcn,1,cora,3,256,0,1,0.25,0.0005,0.787977987,124628.2279,138,
1,fedgsl,gnn_fedgsl_gcn,1,cora,3,256,0,1,0.25,0.0005,0.761423349,261946.6475,138,
2,fedgsl,gnn_fedgsl_gcn,1,cora,3,256,0,1,0.25,0.0005,0.760117704,199429.5861,138,
3,fedgsl,gnn_fedgsl_gcn,1,cora,3,256,0,1,0.25,0.0005,0.783436321,153060.9023,138,
4,fedgsl,gnn_fedgsl_gcn,1,cora,3,256,0,1,0.25,0.0005,0.799472285,76951.59716,138,
,,,,,,,,,,,0.778485529,138 平均值,138,
0,fedgsl,gnn_fedgsl_gcn,1,cora,3,256,0,1,0.25,0,0.781918473,22233.30997,134,
1,fedgsl,gnn_fedgsl_gcn,1,cora,3,256,0,1,0.25,0,0.719617032,26889.70801,134,
2,fedgsl,gnn_fedgsl_gcn,1,cora,3,256,0,1,0.25,0,0.787276207,12577.54058,134,
3,fedgsl,gnn_fedgsl_gcn,1,cora,3,256,0,1,0.25,0,0.807075009,7416.301768,134,
4,fedgsl,gnn_fedgsl_gcn,1,cora,3,256,0,1,0.25,0,0.793444552,12132.77495,134,
,,,,,,,,,,,0.777866255,134 平均值,134,
0,fedgsl,gnn_fedgsl_gcn,1,cora,3,64,0,1,0.25,0,0.772685538,4321.2871,33,
1,fedgsl,gnn_fedgsl_gcn,1,cora,3,64,0,1,0.25,0,0.762439742,7678.487303,33,
2,fedgsl,gnn_fedgsl_gcn,1,cora,3,64,0,1,0.25,0,0.787007823,6474.629318,33,
3,fedgsl,gnn_fedgsl_gcn,1,cora,3,64,0,1,0.25,0,0.758744963,3515.234365,33,
4,fedgsl,gnn_fedgsl_gcn,1,cora,3,64,0,1,0.25,0,0.8040666,3694.88991,33,
,,,,,,,,,,,0.776988933,33 平均值,33,
0,fedgsl,gnn_fedgsl_gcn,1,cora,3,256,0,1,0.25,0,0.787735928,5301.6104,133,
1,fedgsl,gnn_fedgsl_gcn,1,cora,3,256,0,1,0.25,0,0.779111353,9141.698335,133,
2,fedgsl,gnn_fedgsl_gcn,1,cora,3,256,0,1,0.25,0,0.802176995,2263.16063,133,
3,fedgsl,gnn_fedgsl_gcn,1,cora,3,256,0,1,0.25,0,0.739327871,13209.47046,133,
4,fedgsl,gnn_fedgsl_gcn,1,cora,3,256,0,1,0.25,0,0.770259164,12029.80281,133,
,,,,,,,,,,,0.775722262,133 平均值,133,
0,fedgsl,gnn_fedgsl_gcn,1,cora,3,256,0.5,1,0.25,0,0.773025513,16281.33612,178,
1,fedgsl,gnn_fedgsl_gcn,1,cora,3,256,0.5,1,0.25,0,0.755668495,77971.27304,178,
2,fedgsl,gnn_fedgsl_gcn,1,cora,3,256,0.5,1,0.25,0,0.759111263,7758.764483,178,
3,fedgsl,gnn_fedgsl_gcn,1,cora,3,256,0.5,1,0.25,0,0.779075076,13159.08137,178,
4,fedgsl,gnn_fedgsl_gcn,1,cora,3,256,0.5,1,0.25,0,0.802332054,20820.38358,178,
,,,,,,,,,,,0.77384248,178 平均值,178,
0,fedgsl,gnn_fedgsl_gcn,1,cora,3,256,0,1,0.25,0,0.766564385,1971.367205,128,
1,fedgsl,gnn_fedgsl_gcn,1,cora,3,256,0,1,0.25,0,0.794600595,6281.05203,128,
2,fedgsl,gnn_fedgsl_gcn,1,cora,3,256,0,1,0.25,0,0.717294031,1683.008169,128,
3,fedgsl,gnn_fedgsl_gcn,1,cora,3,256,0,1,0.25,0,0.807648054,2217.654874,128,
4,fedgsl,gnn_fedgsl_gcn,1,cora,3,256,0,1,0.25,0,0.779178449,9493.853221,128,
,,,,,,,,,,,0.773057103,128 平均值,128,
0,fedgsl,gnn_fedgsl_gcn,1,cora,3,256,0,1,0.25,0,0.75283505,8798.100856,132,
1,fedgsl,gnn_fedgsl_gcn,1,cora,3,256,0,1,0.25,0,0.784829929,14905.15438,132,
2,fedgsl,gnn_fedgsl_gcn,1,cora,3,256,0,1,0.25,0,0.780495009,5583.25367,132,
3,fedgsl,gnn_fedgsl_gcn,1,cora,3,256,0,1,0.25,0,0.774497133,3796.813271,132,
4,fedgsl,gnn_fedgsl_gcn,1,cora,3,256,0,1,0.25,0,0.772494202,13535.187,132,
,,,,,,,,,,,0.773030265,132 平均值,132,
0,fedgsl,gnn_fedgsl_gcn,1,cora,3,64,0.5,1,0.25,0,0.783633115,3000.718589,84,
1,fedgsl,gnn_fedgsl_gcn,1,cora,3,64,0.5,1,0.25,0,0.795994203,5175.541267,84,
2,fedgsl,gnn_fedgsl_gcn,1,cora,3,64,0.5,1,0.25,0,0.66279564,1777.966504,84,
3,fedgsl,gnn_fedgsl_gcn,1,cora,3,64,0.5,1,0.25,0,0.808912928,1942.646821,84,
4,fedgsl,gnn_fedgsl_gcn,1,cora,3,64,0.5,1,0.25,0,0.812499839,1950.160647,84,
,,,,,,,,,,,0.772767145,84 平均值,84,
0,fedgsl,gnn_fedgsl_gcn,1,cora,3,64,0,1,0.25,0,0.781650088,29959.14015,38,
1,fedgsl,gnn_fedgsl_gcn,1,cora,3,64,0,1,0.25,0,0.731596412,17386.36444,38,
2,fedgsl,gnn_fedgsl_gcn,1,cora,3,64,0,1,0.25,0,0.747998675,61754.83835,38,
3,fedgsl,gnn_fedgsl_gcn,1,cora,3,64,0,1,0.25,0,0.794244248,17427.46223,38,
4,fedgsl,gnn_fedgsl_gcn,1,cora,3,64,0,1,0.25,0,0.791384478,39476.21797,38,
,,,,,,,,,,,0.76937478,38 平均值,38,
0,fedgsl,gnn_fedgsl_gcn,1,cora,3,256,0.5,1,0.25,0,0.78977963,21329.72413,182,
1,fedgsl,gnn_fedgsl_gcn,1,cora,3,256,0.5,1,0.25,0,0.774280435,4388.718547,182,
2,fedgsl,gnn_fedgsl_gcn,1,cora,3,256,0.5,1,0.25,0,0.762456115,7453.478877,182,
3,fedgsl,gnn_fedgsl_gcn,1,cora,3,256,0.5,1,0.25,0,0.785506347,25192.9234,182,
4,fedgsl,gnn_fedgsl_gcn,1,cora,3,256,0.5,1,0.25,0,0.734068051,28129.19706,182,
,,,,,,,,,,,0.769218116,182 平均值,182,
0,fedgsl,gnn_fedgsl_gcn,1,cora,3,64,0,1,0.25,0,0.745763637,10882.62761,34,
1,fedgsl,gnn_fedgsl_gcn,1,cora,3,64,0,1,0.25,0,0.767260708,13996.5129,34,
2,fedgsl,gnn_fedgsl_gcn,1,cora,3,64,0,1,0.25,0,0.768334245,19132.27525,34,
3,fedgsl,gnn_fedgsl_gcn,1,cora,3,64,0,1,0.25,0,0.826125802,10344.06017,34,
4,fedgsl,gnn_fedgsl_gcn,1,cora,3,64,0,1,0.25,0,0.732179409,76295.38207,34,
,,,,,,,,,,,0.76793276,34 平均值,34,
0,fedgsl,gnn_fedgsl_gcn,1,cora,3,64,0.5,1,0.25,0,0.773682027,2616.684517,86,
1,fedgsl,gnn_fedgsl_gcn,1,cora,3,64,0.5,1,0.25,0,0.701464813,5637.80697,86,
2,fedgsl,gnn_fedgsl_gcn,1,cora,3,64,0.5,1,0.25,0,0.794357573,5454.671469,86,
3,fedgsl,gnn_fedgsl_gcn,1,cora,3,64,0.5,1,0.25,0,0.786409416,5970.330659,86,
4,fedgsl,gnn_fedgsl_gcn,1,cora,3,64,0.5,1,0.25,0,0.758956203,45703.60679,86,
,,,,,,,,,,,0.762974007,86 平均值,86,
0,fedgsl,gnn_fedgsl_gcn,1,cora,3,64,0,1,0.25,0,0.771983758,24100.70601,35,
1,fedgsl,gnn_fedgsl_gcn,1,cora,3,64,0,1,0.25,0,0.752340016,46397.74675,35,
2,fedgsl,gnn_fedgsl_gcn,1,cora,3,64,0,1,0.25,0,0.770708933,22209.16791,35,
3,fedgsl,gnn_fedgsl_gcn,1,cora,3,64,0,1,0.25,0,0.776493642,134920.3444,35,
4,fedgsl,gnn_fedgsl_gcn,1,cora,3,64,0,1,0.25,0,0.733469644,91575.80557,35,
,,,,,,,,,,,0.760999199,35 平均值,35,
0,fedgsl,gnn_fedgsl_gcn,1,cora,3,256,0,1,0.25,0,0.763601243,37700.89681,130,
1,fedgsl,gnn_fedgsl_gcn,1,cora,3,256,0,1,0.25,0,0.769175675,4449.686052,130,
2,fedgsl,gnn_fedgsl_gcn,1,cora,3,256,0,1,0.25,0,0.790517686,10174.55783,130,
3,fedgsl,gnn_fedgsl_gcn,1,cora,3,256,0,1,0.25,0,0.770259164,19702.96741,130,
4,fedgsl,gnn_fedgsl_gcn,1,cora,3,256,0,1,0.25,0,0.697938577,4554.486628,130,
,,,,,,,,,,,0.758298469,130 平均值,130,
0,fedgsl,gnn_fedgsl_gcn,1,cora,3,256,0,1,0.25,0,0.748665141,11683.00675,131,
1,fedgsl,gnn_fedgsl_gcn,1,cora,3,256,0,1,0.25,0,0.784969579,21811.66056,131,
2,fedgsl,gnn_fedgsl_gcn,1,cora,3,256,0,1,0.25,0,0.773222307,24163.30228,131,
3,fedgsl,gnn_fedgsl_gcn,1,cora,3,256,0,1,0.25,0,0.711477539,187768.5575,131,
4,fedgsl,gnn_fedgsl_gcn,1,cora,3,256,0,1,0.25,0,0.717526139,60832.4405,131,
,,,,,,,,,,,0.747172141,131 平均值,131,
,,,,,,,,,,,0.809705753,总平均值,95.5,
